station,year,msl_ft,months
9443090,1935,4.580,12
9443090,1936,4.485,12
9443090,1937,4.600,12
9443090,1938,4.458,12
9443090,1939,4.469,12
9443090,1940,4.719,12
9443090,1941,4.785,12
9443090,1942,4.598,12
9443090,1943,4.487,12
9443090,1944,4.463,12
9443090,1945,4.513,12
9443090,1946,4.507,12
9443090,1947,4.476,12
9443090,1948,4.593,12
9443090,1949,4.449,12
9443090,1950,4.628,12
9443090,1952,4.556,12
9443090,1953,4.622,12
9443090,1954,4.638,12
9443090,1955,4.339,12
9443090,1956,4.401,12
9443090,1957,4.532,12
9443090,1958,4.696,12
9443090,1960,4.451,12
9443090,1961,4.516,12
9443090,1962,4.437,12
9443090,1963,4.545,12
9443090,1964,4.325,12
9443090,1965,4.562,12
9443090,1966,4.514,12
9443090,1967,4.494,12
9443090,1968,4.546,12
9443090,1969,4.592,12
9443090,1970,4.355,12
9443090,1971,4.387,12
9443090,1972,4.497,12
9443090,1973,4.354,12
9443090,1974,4.397,12
9443090,1975,4.277,12
9443090,1977,4.396,12
9443090,1979,4.379,12
9443090,1980,4.373,12
9443090,1981,4.425,12
9443090,1982,4.541,12
9443090,1983,4.777,12
9443090,1984,4.421,12
9443090,1985,4.126,12
9443090,1986,4.370,12
9443090,1987,4.351,12
9443090,1988,4.190,12
9443090,1989,4.179,12
9443090,1990,4.275,12
9443090,1991,4.228,12
9443090,1992,4.440,12
9443090,1993,4.326,12
9443090,1994,4.289,12
9443090,1995,4.419,12
9443090,1996,4.262,12
9443090,1997,4.540,12
9443090,1998,4.411,12
9443090,1999,4.186,12
9443090,2000,4.122,12
9443090,2001,4.080,12
9443090,2002,4.096,12
9443090,2003,4.268,12
9443090,2004,4.196,12
9443090,2005,4.247,12
9443090,2006,4.266,12
9443090,2007,4.071,12
9443090,2008,4.046,12
9443090,2009,4.099,12
9443090,2010,4.336,12
9443090,2011,4.134,12
9443090,2012,4.273,12
9443090,2013,3.901,12
9443090,2014,4.297,12
9443090,2015,4.281,12
9443090,2016,4.284,12
9443090,2017,4.207,12
9443090,2018,4.075,12
9443090,2019,4.102,12
9443090,2020,4.096,12
9443090,2021,4.132,12
9443090,2022,4.093,12
9443090,2023,4.264,12
9443090,2024,4.198,12
9443090,2025,4.110,12
9444090,1976,4.142,12
9444090,1977,4.182,12
9444090,1978,4.215,12
9444090,1979,4.200,12
9444090,1980,4.248,12
9444090,1981,4.240,12
9444090,1982,4.389,12
9444090,1983,4.593,12
9444090,1984,4.280,12
9444090,1985,3.995,12
9444090,1986,4.221,12
9444090,1987,4.252,12
9444090,1988,4.081,12
9444090,1989,4.074,12
9444090,1990,4.185,12
9444090,1991,4.130,12
9444090,1992,4.407,12
9444090,1993,4.337,12
9444090,1994,4.255,12
9444090,1995,4.319,12
9444090,1996,4.243,12
9444090,1997,4.502,12
9444090,1998,4.419,12
9444090,1999,4.229,12
9444090,2000,4.105,12
9444090,2001,4.082,12
9444090,2002,4.105,12
9444090,2003,4.263,12
9444090,2004,4.194,12
9444090,2005,4.256,12
9444090,2006,4.311,12
9444090,2007,4.103,12
9444090,2008,4.082,12
9444090,2009,4.127,12
9444090,2010,4.423,11
9444090,2011,4.195,12
9444090,2012,4.331,12
9444090,2013,3.987,12
9444090,2014,4.378,12
9444090,2015,4.396,12
9444090,2016,4.433,12
9444090,2017,4.379,12
9444090,2018,4.286,12
9444090,2019,4.257,12
9444090,2020,4.211,12
9444090,2021,4.269,12
9444090,2022,4.227,12
9444090,2023,4.402,12
9444090,2024,4.355,12
9444090,2025,4.274,12
9449880,1934,4.381,11
9449880,1935,4.344,12
9449880,1936,4.259,12
9449880,1937,4.326,12
9449880,1938,4.225,12
9449880,1939,4.259,12
9449880,1940,4.506,12
9449880,1941,4.566,12
9449880,1942,4.324,11
9449880,1944,4.288,11
9449880,1945,4.329,12
9449880,1946,4.358,11
9449880,1947,4.343,11
9449880,1948,4.436,12
9449880,1949,4.283,12
9449880,1950,4.441,12
9449880,1952,4.363,12
9449880,1953,4.465,12
9449880,1954,4.546,11
9449880,1955,4.313,12
9449880,1956,4.410,12
9449880,1957,4.474,12
9449880,1958,4.732,11
9449880,1959,4.428,12
9449880,1960,4.388,12
9449880,1961,4.415,11
9449880,1964,4.298,10
9449880,1965,4.465,12
9449880,1966,4.440,12
9449880,1967,4.454,12
9449880,1968,4.553,12
9449880,1969,4.559,12
9449880,1970,4.368,12
9449880,1971,4.377,12
9449880,1972,4.562,12
9449880,1973,4.439,12
9449880,1974,4.482,12
9449880,1975,4.361,12
9449880,1976,4.434,12
9449880,1977,4.431,12
9449880,1978,4.466,12
9449880,1979,4.436,12
9449880,1980,4.458,12
9449880,1981,4.547,12
9449880,1982,4.699,12
9449880,1983,4.889,12
9449880,1984,4.583,12
9449880,1985,4.318,12
9449880,1986,4.546,12
9449880,1987,4.562,12
9449880,1988,4.370,12
9449880,1989,4.373,12
9449880,1990,4.474,12
9449880,1991,4.473,12
9449880,1992,4.690,12
9449880,1993,4.563,12
9449880,1994,4.531,12
9449880,1995,4.647,12
9449880,1996,4.549,12
9449880,1997,4.777,12
9449880,1998,4.729,12
9449880,1999,4.530,12
9449880,2000,4.443,12
9449880,2001,4.406,12
9449880,2002,4.476,12
9449880,2003,4.615,12
9449880,2004,4.575,12
9449880,2005,4.626,12
9449880,2006,4.661,12
9449880,2007,4.482,12
9449880,2008,4.460,12
9449880,2009,4.510,12
9449880,2010,4.737,12
9449880,2011,4.576,12
9449880,2012,4.710,12
9449880,2013,4.422,12
9449880,2014,4.757,12
9449880,2015,4.786,12
9449880,2016,4.817,12
9449880,2017,4.775,12
9449880,2018,4.659,12
9449880,2019,4.647,12
9449880,2020,4.622,12
9449880,2021,4.666,12
9449880,2022,4.595,12
9449880,2023,4.754,12
9449880,2024,4.711,12
9449880,2025,4.644,12
9449424,1973,5.199,12
9449424,1974,5.245,12
9449424,1975,5.144,12
9449424,1976,5.167,12
9449424,1977,5.197,12
9449424,1978,5.211,12
9449424,1979,5.182,12
9449424,1980,5.224,12
9449424,1981,5.288,12
9449424,1982,5.429,12
9449424,1983,5.638,12
9449424,1984,5.323,12
9449424,1985,5.053,12
9449424,1986,5.298,12
9449424,1987,5.284,12
9449424,1988,5.119,12
9449424,1989,5.117,12
9449424,1990,5.249,12
9449424,1991,5.251,12
9449424,1992,5.452,12
9449424,1993,5.287,12
9449424,1994,5.264,12
9449424,1995,5.338,12
9449424,1996,5.225,12
9449424,1997,5.501,12
9449424,1998,5.447,12
9449424,1999,5.256,12
9449424,2000,5.170,12
9449424,2001,5.112,12
9449424,2002,5.192,12
9449424,2003,5.337,12
9449424,2004,5.304,12
9449424,2005,5.337,12
9449424,2006,5.330,12
9449424,2007,5.116,12
9449424,2008,5.101,12
9449424,2009,5.149,12
9449424,2010,5.370,12
9449424,2011,5.221,12
9449424,2012,5.344,12
9449424,2013,5.049,12
9449424,2014,5.370,12
9449424,2015,5.407,12
9449424,2016,5.427,12
9449424,2017,5.386,12
9449424,2018,5.315,12
9449424,2019,5.262,12
9449424,2020,5.209,12
9449424,2021,5.212,12
9449424,2022,5.041,12
9449424,2023,5.154,12
9449424,2024,5.172,12
9449424,2025,5.252,12
9444900,1972,4.971,12
9444900,1973,4.807,12
9444900,1974,4.885,12
9444900,1975,4.771,12
9444900,1976,4.737,12
9444900,1977,4.814,12
9444900,1978,4.878,12
9444900,1979,4.844,12
9444900,1980,4.895,12
9444900,1981,4.956,12
9444900,1982,5.099,12
9444900,1983,5.317,12
9444900,1984,4.991,12
9444900,1985,4.722,12
9444900,1986,4.961,12
9444900,1987,4.984,12
9444900,1988,4.810,12
9444900,1989,4.805,12
9444900,1990,4.914,12
9444900,1991,4.891,12
9444900,1992,5.133,12
9444900,1993,5.031,12
9444900,1994,4.978,12
9444900,1995,5.108,12
9444900,1996,5.023,12
9444900,1997,5.252,12
9444900,1998,5.192,12
9444900,1999,4.969,12
9444900,2000,4.893,12
9444900,2001,4.893,12
9444900,2002,4.933,12
9444900,2003,5.080,12
9444900,2004,5.030,12
9444900,2005,5.077,12
9444900,2006,5.116,12
9444900,2007,4.904,12
9444900,2008,4.922,12
9444900,2009,4.978,12
9444900,2010,5.194,12
9444900,2011,5.050,12
9444900,2012,5.196,12
9444900,2013,4.884,12
9444900,2014,5.238,12
9444900,2015,5.232,12
9444900,2016,5.258,12
9444900,2017,5.210,12
9444900,2018,5.110,12
9444900,2019,5.098,12
9444900,2020,5.057,12
9444900,2021,5.123,12
9444900,2022,5.080,12
9444900,2023,5.254,12
9444900,2024,5.206,12
9444900,2025,5.140,12
9445958,2022,7.001,12
9445958,2023,7.152,12
9445958,2024,7.106,12
9445958,2025,7.049,12
9447130,1899,5.998,12
9447130,1900,6.163,12
9447130,1901,5.946,12
9447130,1902,6.118,12
9447130,1903,6.048,12
9447130,1904,6.166,12
9447130,1905,6.148,12
9447130,1906,6.171,12
9447130,1907,6.230,12
9447130,1908,6.139,12
9447130,1909,6.187,12
9447130,1910,6.043,12
9447130,1911,6.017,12
9447130,1912,6.021,12
9447130,1913,6.018,12
9447130,1914,6.225,12
9447130,1915,6.289,12
9447130,1916,6.142,12
9447130,1917,5.946,12
9447130,1918,6.241,12
9447130,1919,6.141,12
9447130,1920,6.053,12
9447130,1921,6.082,12
9447130,1922,5.998,12
9447130,1923,6.063,12
9447130,1924,5.958,12
9447130,1925,6.160,12
9447130,1926,6.177,12
9447130,1927,6.198,12
9447130,1928,6.138,12
9447130,1929,5.952,12
9447130,1930,6.146,12
9447130,1931,6.163,12
9447130,1932,6.184,12
9447130,1933,6.192,12
9447130,1934,6.231,12
9447130,1935,6.194,12
9447130,1936,6.111,12
9447130,1937,6.215,12
9447130,1938,6.182,12
9447130,1939,6.118,12
9447130,1940,6.363,12
9447130,1941,6.470,12
9447130,1942,6.252,12
9447130,1943,6.195,12
9447130,1944,6.160,12
9447130,1945,6.244,12
9447130,1946,6.264,12
9447130,1947,6.243,12
9447130,1948,6.329,12
9447130,1949,6.173,12
9447130,1950,6.387,12
9447130,1951,6.402,12
9447130,1952,6.316,12
9447130,1953,6.378,12
9447130,1954,6.447,12
9447130,1955,6.206,12
9447130,1956,6.338,12
9447130,1957,6.431,12
9447130,1958,6.579,12
9447130,1959,6.459,12
9447130,1960,6.409,12
9447130,1961,6.427,12
9447130,1962,6.321,12
9447130,1963,6.472,12
9447130,1964,6.287,12
9447130,1965,6.428,12
9447130,1966,6.458,12
9447130,1967,6.468,12
9447130,1968,6.582,12
9447130,1969,6.644,12
9447130,1970,6.450,12
9447130,1971,6.430,12
9447130,1972,6.611,12
9447130,1973,6.444,12
9447130,1974,6.504,12
9447130,1975,6.419,12
9447130,1976,6.471,12
9447130,1977,6.446,12
9447130,1978,6.566,12
9447130,1979,6.484,12
9447130,1980,6.530,12
9447130,1981,6.581,12
9447130,1982,6.745,12
9447130,1983,6.953,12
9447130,1984,6.638,12
9447130,1985,6.389,12
9447130,1986,6.615,12
9447130,1987,6.622,12
9447130,1988,6.459,12
9447130,1989,6.455,12
9447130,1990,6.572,12
9447130,1991,6.547,12
9447130,1992,6.758,12
9447130,1993,6.652,12
9447130,1994,6.605,12
9447130,1995,6.778,12
9447130,1996,6.654,12
9447130,1997,6.872,12
9447130,1998,6.837,12
9447130,1999,6.640,12
9447130,2000,6.564,12
9447130,2001,6.523,12
9447130,2002,6.609,12
9447130,2003,6.739,12
9447130,2004,6.678,12
9447130,2005,6.708,12
9447130,2006,6.800,12
9447130,2007,6.597,12
9447130,2008,6.557,12
9447130,2009,6.576,12
9447130,2010,6.805,12
9447130,2011,6.674,12
9447130,2012,6.792,12
9447130,2013,6.500,12
9447130,2014,6.863,12
9447130,2015,6.915,12
9447130,2016,6.947,12
9447130,2017,6.959,12
9447130,2018,6.846,12
9447130,2019,6.830,12
9447130,2020,6.793,12
9447130,2021,6.863,12
9447130,2022,6.824,12
9447130,2023,6.966,12
9447130,2024,6.935,12
9447130,2025,6.874,12
9446484,1998,7.008,12
9446484,1999,6.838,12
9446484,2000,6.740,12
9446484,2001,6.708,12
9446484,2002,6.793,12
9446484,2003,6.925,12
9446484,2004,6.854,12
9446484,2005,6.905,12
9446484,2006,6.974,12
9446484,2007,6.759,12
9446484,2008,6.762,12
9446484,2009,6.830,12
9446484,2010,7.043,12
9446484,2011,6.890,12
9446484,2012,7.027,12
9446484,2013,6.744,12
9446484,2014,7.084,12
9446484,2015,7.101,12
9446484,2016,7.156,12
9446484,2017,7.137,12
9446484,2018,7.021,12
9446484,2019,7.009,12
9446484,2020,6.963,12
9446484,2021,7.044,12
9446484,2022,7.024,12
9446484,2023,7.171,12
9446484,2024,7.121,12
9446484,2025,7.060,12
