station,name,value_ft,when
9443090,STND,0.0,
9443090,MHHW,9.96,
9443090,MHW,9.11,
9443090,DTL,5.98,
9443090,MTL,6.35,
9443090,MSL,6.32,
9443090,MLW,3.6,
9443090,MLLW,2.0,
9443090,GT,7.96,
9443090,MN,5.52,
9443090,DHQ,0.85,
9443090,DLQ,1.59,
9443090,HWI,8.55,
9443090,LWI,2.29,
9443090,NAVD88,2.84,
9443090,HAT,12.344,2003-12-23 19:42
9443090,LAT,-0.977,2004-07-03 15:36
9443090,max,14.301,1951-11-30 20:36
9443090,min,-1.942,2007-11-26 03:42
9449424,STND,0.0,
9449424,MHHW,15.49,
9449424,MHW,14.66,
9449424,DTL,10.91,
9449424,MTL,11.81,
9449424,MSL,11.62,
9449424,MLW,8.95,
9449424,MLLW,6.34,
9449424,GT,9.15,
9449424,MN,5.7,
9449424,DHQ,0.83,
9449424,DLQ,2.61,
9449424,HWI,0.79,
9449424,LWI,7.08,
9449424,HAT,17.3,2022-01-04 15:42
9449424,LAT,2.431,2026-06-15 19:00
9449424,max,19.18,1982-12-16 15:24
9449424,min,2.08,1985-12-13 07:18
9444900,STND,0.0,
9444900,MHHW,11.88,
9444900,MHW,11.2,
9444900,DTL,7.62,
9444900,MTL,8.53,
9444900,MSL,8.35,
9444900,MLW,5.86,
9444900,MLLW,3.36,
9444900,GT,8.52,
9444900,MN,5.34,
9444900,DHQ,0.68,
9444900,DLQ,2.49,
9444900,HWI,12.34,
9444900,LWI,5.67,
9444900,HAT,13.45,2003-12-25 15:00
9444900,LAT,-0.645,2026-06-15 17:36
9444900,max,15.364,2022-12-27 21:36
9444900,min,-0.86,1985-12-12 22:06
9444090,STND,0.0,
9444090,MHHW,37.38,
9444090,MHW,36.83,
9444090,DTL,33.85,
9444090,MTL,34.53,
9444090,MSL,34.56,
9444090,MLW,32.24,
9444090,MLLW,30.31,
9444090,GT,7.06,
9444090,MN,4.59,
9444090,DHQ,0.55,
9444090,DLQ,1.92,
9444090,HWI,10.56,
9444090,LWI,4.43,
9444090,NAVD88,30.74,
9444090,HAT,39.483,2026-12-23 20:00
9444090,LAT,26.658,2026-06-15 16:48
9444090,max,40.826,2003-01-02 19:54
9444090,min,25.754,2008-05-06 20:48
9449880,STND,0.0,
9449880,MHHW,11.61,
9449880,MHW,10.96,
9449880,DTL,7.73,
9449880,MTL,8.55,
9449880,MSL,8.4,
9449880,MLW,6.14,
9449880,MLLW,3.85,
9449880,GT,7.76,
9449880,MN,4.82,
9449880,DHQ,0.65,
9449880,DLQ,2.29,
9449880,HWI,0.46,
9449880,LWI,6.51,
9449880,HAT,13.236,2024-12-16 15:24
9449880,LAT,0.169,2026-06-15 18:30
9449880,max,15.177,2022-12-27 22:18
9449880,min,-0.299,1947-01-07 22:54
9445958,STND,0.0,
9445958,MHHW,23.1,
9445958,MHW,22.2,
9445958,DTL,17.24,
9445958,MTL,18.22,
9445958,MSL,18.2,
9445958,MLW,14.24,
9445958,MLLW,11.38,
9445958,GT,11.72,
9445958,MN,7.97,
9445958,DHQ,0.9,
9445958,DLQ,2.85,
9445958,HWI,0.53,
9445958,LWI,6.84,
9445958,HAT,25.472,2001-01-11 15:00
9445958,LAT,6.772,2026-06-15 18:54
9445958,max,26.935,2022-12-27 21:48
9445958,min,7.293,2021-12-06 12:48
9447130,STND,0.0,
9447130,MHHW,19.3,
9447130,MHW,18.43,
9447130,DTL,13.62,
9447130,MTL,14.6,
9447130,MSL,14.58,
9447130,MLW,10.77,
9447130,MLLW,7.94,
9447130,GT,11.36,
9447130,MN,7.66,
9447130,DHQ,0.87,
9447130,DLQ,2.84,
9447130,HWI,0.4,
9447130,LWI,6.64,
9447130,NAVD88,10.28,
9447130,HAT,21.174,2014-01-04 15:24
9447130,LAT,3.638,2026-06-15 18:36
9447130,max,23.061,2022-12-27 16:42
9447130,min,2.9,1916-01-04 00:00
9446484,STND,0.0,
9446484,MHHW,12.4,
9446484,MHW,11.52,
9446484,DTL,6.51,
9446484,MTL,7.49,
9446484,MSL,7.46,
9446484,MLW,3.46,
9446484,MLLW,0.62,
9446484,GT,11.77,
9446484,MN,8.06,
9446484,DHQ,0.87,
9446484,DLQ,2.84,
9446484,HWI,0.47,
9446484,LWI,6.71,
9446484,NAVD88,3.01,
9446484,HAT,14.265,2032-01-16 15:42
9446484,LAT,-3.743,2026-06-15 18:36
9446484,max,16.266,2022-12-27 21:42
9446484,min,-4.108,2007-11-26 07:06
