station,name,amp_ft,phase_gmt,speed
9449424,M2,2.375,22.4,28.984104
9449424,S2,0.584,50.2,30.0
9449424,N2,0.499,354.7,28.43973
9449424,K1,2.654,283.1,15.041069
9449424,M4,0.02,158.5,57.96821
9449424,O1,1.493,260.5,13.943035
9449424,M6,0.01,59.4,86.95232
9449424,MK3,0.007,12.7,44.025173
9449424,S4,0.003,162.5,60.0
9449424,MN4,0.007,120.0,57.423832
9449424,NU2,0.098,2.2,28.512583
9449424,S6,0.0,0.0,90.0
9449424,MU2,0.052,268.0,27.968208
9449424,2N2,0.062,326.9,27.895355
9449424,OO1,0.102,325.7,16.139101
9449424,LAM2,0.033,56.7,29.455626
9449424,S1,0.095,24.9,15.0
9449424,M1,0.069,309.3,14.496694
9449424,J1,0.141,321.4,15.5854435
9449424,MM,0.043,141.5,0.5443747
9449424,SSA,0.092,227.1,0.0821373
9449424,SA,0.213,276.9,0.0410686
9449424,MSF,0.0,0.0,1.0158958
9449424,MF,0.0,0.0,1.0980331
9449424,RHO,0.052,253.7,13.471515
9449424,Q1,0.246,253.7,13.398661
9449424,T2,0.039,42.4,29.958933
9449424,R2,0.003,326.2,30.041067
9449424,2Q1,0.03,253.8,12.854286
9449424,P1,0.82,280.6,14.958931
9449424,2SM2,0.01,278.2,31.015896
9449424,M3,0.003,76.1,43.47616
9449424,L2,0.079,60.4,29.528479
9449424,2MK3,0.016,334.4,42.92714
9449424,K2,0.161,50.8,30.082138
9449424,M8,0.003,80.3,115.93642
9449424,MS4,0.01,164.0,58.984104
9443090,M2,2.549,246.3,28.984104
9443090,S2,0.751,272.6,30.0
9443090,N2,0.541,222.5,28.43973
9443090,K1,1.614,248.3,15.041069
9443090,M4,0.036,54.4,57.96821
9443090,O1,0.994,231.5,13.943035
9443090,M6,0.023,185.4,86.95232
9443090,MK3,0.052,325.0,44.025173
9443090,S4,0.007,61.2,60.0
9443090,MN4,0.016,26.7,57.423832
9443090,NU2,0.105,226.4,28.512583
9443090,S6,0.003,91.0,90.0
9443090,MU2,0.075,201.8,27.968208
9443090,2N2,0.062,197.8,27.895355
9443090,OO1,0.056,285.2,16.139101
9443090,LAM2,0.01,280.3,29.455626
9443090,S1,0.049,36.3,15.0
9443090,M1,0.056,259.7,14.496694
9443090,J1,0.095,264.2,15.5854435
9443090,MM,0.0,0.0,0.5443747
9443090,SSA,0.056,193.9,0.0821373
9443090,SA,0.4,684.0,0.0410686
9443090,MSF,0.0,0.0,1.0158958
9443090,MF,0.0,0.0,1.0980331
9443090,RHO,0.033,224.7,13.471515
9443090,Q1,0.177,223.3,13.398661
9443090,T2,0.043,264.6,29.958933
9443090,R2,0.007,283.3,30.041067
9443090,2Q1,0.023,224.7,12.854286
9443090,P1,0.505,246.5,14.958931
9443090,2SM2,0.003,10.0,31.015896
9443090,M3,0.003,82.1,43.47616
9443090,L2,0.046,270.1,29.528479
9443090,2MK3,0.03,322.6,42.92714
9443090,K2,0.19,266.1,30.082138
9443090,M8,0.003,174.6,115.93642
9443090,MS4,0.023,63.8,58.984104
9449880,M2,1.827,10.6,28.984104
9449880,S2,0.433,35.7,30.0
9449880,N2,0.394,343.0,28.43973
9449880,K1,2.493,280.4,15.041069
9449880,M4,0.052,124.6,57.96821
9449880,O1,1.424,258.7,13.943035
9449880,M6,0.016,237.2,86.95232
9449880,MK3,0.039,27.5,44.025173
9449880,S4,0.007,157.0,60.0
9449880,MN4,0.023,92.0,57.423832
9449880,NU2,0.079,350.1,28.512583
9449880,S6,0.003,255.9,90.0
9449880,MU2,0.056,266.6,27.968208
9449880,2N2,0.043,309.4,27.895355
9449880,OO1,0.098,325.7,16.139101
9449880,LAM2,0.026,60.0,29.455626
9449880,S1,0.079,26.8,15.0
9449880,M1,0.082,298.0,14.496694
9449880,J1,0.138,315.1,15.5854435
9449880,MM,0.03,168.8,0.5443747
9449880,SSA,0.072,227.5,0.0821373
9449880,SA,0.249,274.5,0.0410686
9449880,MSF,0.023,265.1,1.0158958
9449880,MF,0.069,156.4,1.0980331
9449880,RHO,0.043,245.9,13.471515
9449880,Q1,0.239,250.7,13.398661
9449880,T2,0.036,39.9,29.958933
9449880,R2,0.007,313.6,30.041067
9449880,2Q1,0.026,253.5,12.854286
9449880,P1,0.771,278.0,14.958931
9449880,2SM2,0.007,289.1,31.015896
9449880,M3,0.003,127.1,43.47616
9449880,L2,0.069,52.4,29.528479
9449880,2MK3,0.03,19.5,42.92714
9449880,K2,0.115,44.0,30.082138
9449880,M8,0.003,105.2,115.93642
9449880,MS4,0.033,134.0,58.984104
9446484,M2,3.717,11.8,28.984104
9446484,S2,0.932,37.4,30.0
9446484,N2,0.741,341.4,28.43973
9446484,K1,2.749,277.4,15.041069
9446484,M4,0.066,208.2,57.96821
9446484,O1,1.522,255.2,13.943035
9446484,M6,0.016,299.0,86.95232
9446484,MK3,0.125,74.8,44.025173
9446484,S4,0.007,270.0,60.0
9446484,MN4,0.026,182.1,57.423832
9446484,NU2,0.157,356.2,28.512583
9446484,S6,0.0,0.0,90.0
9446484,MU2,0.118,234.7,27.968208
9446484,2N2,0.085,309.3,27.895355
9446484,OO1,0.102,334.8,16.139101
9446484,LAM2,0.066,48.9,29.455626
9446484,S1,0.049,38.8,15.0
9446484,M1,0.092,315.3,14.496694
9446484,J1,0.135,312.0,15.5854435
9446484,MM,0.0,0.0,0.5443747
9446484,SSA,0.069,218.2,0.0821373
9446484,SA,0.2,281.0,0.0410686
9446484,MSF,0.0,0.0,1.0158958
9446484,MF,0.085,139.0,1.0980331
9446484,RHO,0.046,251.8,13.471515
9446484,Q1,0.246,249.8,13.398661
9446484,T2,0.056,34.8,29.958933
9446484,R2,0.007,47.7,30.041067
9446484,2Q1,0.03,258.4,12.854286
9446484,P1,0.85,277.3,14.958931
9446484,2SM2,0.026,283.7,31.015896
9446484,M3,0.023,344.5,43.47616
9446484,L2,0.164,55.3,29.528479
9446484,2MK3,0.115,43.2,42.92714
9446484,K2,0.276,38.7,30.082138
9446484,M8,0.003,243.9,115.93642
9446484,MS4,0.039,241.7,58.984104
9445958,M2,3.596,17.0,28.984104
9445958,S2,0.892,45.1,30.0
9445958,N2,0.702,349.0,28.43973
9445958,K1,2.73,280.4,15.041069
9445958,M4,0.082,243.9,57.96821
9445958,O1,1.496,257.8,13.943035
9445958,M6,0.059,3.0,86.95232
9445958,MK3,0.085,120.4,44.025173
9445958,S4,0.01,289.5,60.0
9445958,MN4,0.036,213.7,57.423832
9445958,NU2,0.151,358.1,28.512583
9445958,S6,0.0,0.0,90.0
9445958,MU2,0.082,231.9,27.968208
9445958,2N2,0.092,322.3,27.895355
9445958,OO1,0.098,333.4,16.139101
9445958,LAM2,0.056,45.4,29.455626
9445958,S1,0.089,17.5,15.0
9445958,M1,0.046,323.0,14.496694
9445958,J1,0.148,319.5,15.5854435
9445958,MM,0.0,0.0,0.5443747
9445958,SSA,0.108,231.1,0.0821373
9445958,SA,0.253,292.9,0.0410686
9445958,MSF,0.0,0.0,1.0158958
9445958,MF,0.072,140.5,1.0980331
9445958,RHO,0.052,272.1,13.471515
9445958,Q1,0.236,251.2,13.398661
9445958,T2,0.059,49.1,29.958933
9445958,R2,0.01,354.8,30.041067
9445958,2Q1,0.043,230.5,12.854286
9445958,P1,0.83,281.3,14.958931
9445958,2SM2,0.026,270.2,31.015896
9445958,M3,0.016,207.2,43.47616
9445958,L2,0.118,63.4,29.528479
9445958,2MK3,0.062,80.3,42.92714
9445958,K2,0.262,39.0,30.082138
9445958,M8,0.01,224.8,115.93642
9445958,MS4,0.049,267.2,58.984104
9444090,M2,1.686,307.3,28.984104
9444090,S2,0.482,326.0,30.0
9444090,N2,0.384,279.7,28.43973
9444090,K1,2.188,261.8,15.041069
9444090,M4,0.046,100.5,57.96821
9444090,O1,1.28,241.6,13.943035
9444090,M6,0.049,196.8,86.95232
9444090,MK3,0.062,23.8,44.025173
9444090,S4,0.007,115.4,60.0
9444090,MN4,0.023,66.2,57.423832
9444090,NU2,0.072,287.3,28.512583
9444090,S6,0.003,175.8,90.0
9444090,MU2,0.092,234.5,27.968208
9444090,2N2,0.049,250.3,27.895355
9444090,OO1,0.075,303.0,16.139101
9444090,LAM2,0.02,53.3,29.455626
9444090,S1,0.049,33.8,15.0
9444090,M1,0.079,280.6,14.496694
9444090,J1,0.125,280.5,15.5854435
9444090,MM,0.085,285.8,0.5443747
9444090,SSA,0.0,0.0,0.0821373
9444090,SA,0.302,284.3,0.0410686
9444090,MSF,0.0,0.0,1.0158958
9444090,MF,0.069,155.6,1.0980331
9444090,RHO,0.039,232.3,13.471515
9444090,Q1,0.223,232.2,13.398661
9444090,T2,0.026,330.5,29.958933
9444090,R2,0.007,333.4,30.041067
9444090,2Q1,0.023,221.5,12.854286
9444090,P1,0.686,260.0,14.958931
9444090,2SM2,0.01,308.6,31.015896
9444090,M3,0.013,350.0,43.47616
9444090,L2,0.036,31.2,29.528479
9444090,2MK3,0.066,18.5,42.92714
9444090,K2,0.089,332.6,30.082138
9444090,M8,0.0,0.0,115.93642
9444090,MS4,0.03,115.3,58.984104
9444900,M2,2.234,349.9,28.984104
9444900,S2,0.554,13.1,30.0
9444900,N2,0.472,320.4,28.43973
9444900,K1,2.516,270.5,15.041069
9444900,M4,0.125,59.5,57.96821
9444900,O1,1.46,249.8,13.943035
9444900,M6,0.03,247.0,86.95232
9444900,MK3,0.089,332.4,44.025173
9444900,S4,0.01,93.7,60.0
9444900,MN4,0.049,29.4,57.423832
9444900,NU2,0.092,332.2,28.512583
9444900,S6,0.0,0.0,90.0
9444900,MU2,0.089,242.4,27.968208
9444900,2N2,0.052,292.0,27.895355
9444900,OO1,0.095,318.4,16.139101
9444900,LAM2,0.036,46.4,29.455626
9444900,S1,0.072,40.9,15.0
9444900,M1,0.079,291.8,14.496694
9444900,J1,0.138,301.6,15.5854435
9444900,MM,0.079,199.0,0.5443747
9444900,SSA,0.062,209.9,0.0821373
9444900,SA,0.259,282.6,0.0410686
9444900,MSF,0.0,0.0,1.0158958
9444900,MF,0.0,0.0,1.0980331
9444900,RHO,0.049,239.8,13.471515
9444900,Q1,0.243,241.7,13.398661
9444900,T2,0.036,13.6,29.958933
9444900,R2,0.007,342.1,30.041067
9444900,2Q1,0.03,251.0,12.854286
9444900,P1,0.791,269.7,14.958931
9444900,2SM2,0.013,292.4,31.015896
9444900,M3,0.013,100.3,43.47616
9444900,L2,0.092,46.9,29.528479
9444900,2MK3,0.062,341.3,42.92714
9444900,K2,0.167,16.7,30.082138
9444900,M8,0.007,188.4,115.93642
9444900,MS4,0.069,83.2,58.984104
9447130,M2,3.487,10.8,28.984104
9447130,S2,0.879,36.8,30.0
9447130,N2,0.702,341.1,28.43973
9447130,K1,2.736,276.8,15.041069
9447130,M4,0.069,200.7,57.96821
9447130,O1,1.506,254.6,13.943035
9447130,M6,0.03,312.8,86.95232
9447130,MK3,0.118,79.3,44.025173
9447130,S4,0.007,254.3,60.0
9447130,MN4,0.03,172.7,57.423832
9447130,NU2,0.144,355.5,28.512583
9447130,S6,0.0,0.0,90.0
9447130,MU2,0.112,238.9,27.968208
9447130,2N2,0.075,313.1,27.895355
9447130,OO1,0.102,330.2,16.139101
9447130,LAM2,0.066,49.9,29.455626
9447130,S1,0.069,45.0,15.0
9447130,M1,0.079,304.1,14.496694
9447130,J1,0.141,313.4,15.5854435
9447130,MM,0.0,0.0,0.5443747
9447130,SSA,0.079,217.0,0.0821373
9447130,SA,0.23,283.2,0.0410686
9447130,MSF,0.0,0.0,1.0158958
9447130,MF,0.049,157.0,1.0980331
9447130,RHO,0.049,245.0,13.471515
9447130,Q1,0.239,248.9,13.398661
9447130,T2,0.052,38.0,29.958933
9447130,R2,0.01,11.2,30.041067
9447130,2Q1,0.033,265.5,12.854286
9447130,P1,0.843,276.2,14.958931
9447130,2SM2,0.026,284.4,31.015896
9447130,M3,0.013,178.0,43.47616
9447130,L2,0.161,58.7,29.528479
9447130,2MK3,0.115,48.5,42.92714
9447130,K2,0.259,37.7,30.082138
9447130,M8,0.003,204.4,115.93642
9447130,MS4,0.039,229.3,58.984104
