station,time_utc,local,type,ft,noaa_ft,noaa_minutes
9443090,2026-10-10T14:02Z,2026-10-10 07:02 PDT,L,1.34,1.33,0.1
9443090,2026-10-10T20:03Z,2026-10-10 13:03 PDT,H,8.16,8.15,-0.3
9443090,2026-10-11T02:49Z,2026-10-10 19:49 PDT,L,-0.45,-0.46,-0.4
9443090,2026-10-11T08:53Z,2026-10-11 01:53 PDT,H,6.76,6.75,0.1
9443090,2026-10-11T14:33Z,2026-10-11 07:33 PDT,L,1.94,1.93,0.1
9443090,2026-10-11T20:30Z,2026-10-11 13:30 PDT,H,8.27,8.27,-0.1
9443090,2026-10-12T03:26Z,2026-10-11 20:26 PDT,L,-0.81,-0.81,0.2
9443090,2026-10-12T09:38Z,2026-10-12 02:38 PDT,H,6.52,6.52,0.0
9443090,2026-10-12T15:01Z,2026-10-12 08:01 PDT,L,2.53,2.53,0.3
9443090,2026-10-12T20:57Z,2026-10-12 13:57 PDT,H,8.22,8.21,-0.3
9443090,2026-10-13T04:03Z,2026-10-12 21:03 PDT,L,-0.91,-0.91,0.1
9443090,2026-10-13T10:23Z,2026-10-13 03:23 PDT,H,6.23,6.23,0.2
9443090,2026-10-13T15:27Z,2026-10-13 08:27 PDT,L,3.09,3.08,0.4
9443090,2026-10-13T21:24Z,2026-10-13 14:24 PDT,H,8.01,8.01,-0.2
9443090,2026-10-14T04:41Z,2026-10-13 21:41 PDT,L,-0.77,-0.78,-0.2
9443090,2026-10-14T11:10Z,2026-10-14 04:10 PDT,H,5.90,5.89,0.5
9443090,2026-10-14T15:53Z,2026-10-14 08:53 PDT,L,3.57,3.56,0.1
9443090,2026-10-14T21:52Z,2026-10-14 14:52 PDT,H,7.70,7.69,0.0
9443090,2026-10-15T05:21Z,2026-10-14 22:21 PDT,L,-0.45,-0.45,0.1
9443090,2026-10-15T12:02Z,2026-10-15 05:02 PDT,H,5.56,5.55,0.3
9443090,2026-10-15T16:20Z,2026-10-15 09:20 PDT,L,3.98,3.97,0.4
9443090,2026-10-15T22:23Z,2026-10-15 15:23 PDT,H,7.31,7.30,-0.3
9443090,2026-10-16T06:06Z,2026-10-15 23:06 PDT,L,-0.02,-0.02,-0.5
9443090,2026-10-16T13:03Z,2026-10-16 06:03 PDT,H,5.25,5.25,0.6
9443090,2026-10-16T16:53Z,2026-10-16 09:53 PDT,L,4.31,4.31,-0.4
9443090,2026-10-16T22:59Z,2026-10-16 15:59 PDT,H,6.88,6.87,-0.2
9443090,2026-10-17T06:59Z,2026-10-16 23:59 PDT,L,0.44,0.43,0.4
9443090,2026-10-17T14:19Z,2026-10-17 07:19 PDT,H,5.09,5.08,0.2
9443090,2026-10-17T17:37Z,2026-10-17 10:37 PDT,L,4.60,4.59,0.0
9443090,2026-10-17T23:46Z,2026-10-17 16:46 PDT,H,6.42,6.41,-0.4
9443090,2026-10-18T08:02Z,2026-10-18 01:02 PDT,L,0.80,0.80,0.6
9443090,2026-10-18T15:44Z,2026-10-18 08:44 PDT,H,5.17,5.17,0.2
9443090,2026-10-18T18:54Z,2026-10-18 11:54 PDT,L,4.79,4.78,-0.2
9444090,2026-10-10T10:18Z,2026-10-10 03:18 PDT,H,5.78,5.78,0.1
9444090,2026-10-10T15:55Z,2026-10-10 08:55 PDT,L,2.90,2.89,0.6
9444090,2026-10-10T21:45Z,2026-10-10 14:45 PDT,H,7.04,7.04,0.0
9444090,2026-10-11T04:42Z,2026-10-10 21:42 PDT,L,0.27,0.27,0.3
9444090,2026-10-11T11:19Z,2026-10-11 04:19 PDT,H,5.90,5.89,-0.1
9444090,2026-10-11T16:31Z,2026-10-11 09:31 PDT,L,3.77,3.76,0.1
9444090,2026-10-11T22:07Z,2026-10-11 15:07 PDT,H,7.15,7.14,0.0
9444090,2026-10-12T05:19Z,2026-10-11 22:19 PDT,L,-0.29,-0.29,0.4
9444090,2026-10-12T12:19Z,2026-10-12 05:19 PDT,H,6.02,6.02,-0.1
9444090,2026-10-12T17:07Z,2026-10-12 10:07 PDT,L,4.56,4.56,-0.2
9444090,2026-10-12T22:27Z,2026-10-12 15:27 PDT,H,7.14,7.13,0.1
9444090,2026-10-13T05:57Z,2026-10-12 22:57 PDT,L,-0.57,-0.57,0.4
9444090,2026-10-13T13:18Z,2026-10-13 06:18 PDT,H,6.13,6.13,0.1
9444090,2026-10-13T17:43Z,2026-10-13 10:43 PDT,L,5.24,5.24,-0.4
9444090,2026-10-13T22:41Z,2026-10-13 15:41 PDT,H,7.04,7.03,-0.2
9444090,2026-10-14T06:37Z,2026-10-13 23:37 PDT,L,-0.59,-0.59,0.2
9444090,2026-10-14T14:19Z,2026-10-14 07:19 PDT,H,6.19,6.18,0.4
9444090,2026-10-14T18:19Z,2026-10-14 11:19 PDT,L,5.77,5.76,0.1
9444090,2026-10-14T22:40Z,2026-10-14 15:40 PDT,H,6.90,6.89,-0.5
9444090,2026-10-15T07:20Z,2026-10-15 00:20 PDT,L,-0.40,-0.41,-0.4
9444090,2026-10-15T22:38Z,2026-10-15 15:38 PDT,H,6.77,6.76,0.1
9444090,2026-10-16T08:06Z,2026-10-16 01:06 PDT,L,-0.09,-0.09,-0.1
9444090,2026-10-16T22:46Z,2026-10-16 15:46 PDT,H,6.62,6.61,-0.1
9444090,2026-10-17T08:57Z,2026-10-17 01:57 PDT,L,0.27,0.27,0.1
9444090,2026-10-17T19:43Z,2026-10-17 12:43 PDT,H,6.45,,
9444090,2026-10-18T09:53Z,2026-10-18 02:53 PDT,L,0.62,0.62,0.4
9444090,2026-10-18T20:09Z,2026-10-18 13:09 PDT,H,6.45,6.44,0.7
9449880,2026-10-10T13:00Z,2026-10-10 06:00 PDT,H,6.50,6.50,0.2
9449880,2026-10-10T17:59Z,2026-10-10 10:59 PDT,L,3.52,3.52,0.3
9449880,2026-10-11T00:03Z,2026-10-10 17:03 PDT,H,7.25,7.25,0.4
9449880,2026-10-11T06:43Z,2026-10-10 23:43 PDT,L,0.39,0.39,0.3
9449880,2026-10-11T14:00Z,2026-10-11 07:00 PDT,H,6.92,6.92,0.4
9449880,2026-10-11T18:43Z,2026-10-11 11:43 PDT,L,4.47,4.47,0.1
9449880,2026-10-12T00:15Z,2026-10-11 17:15 PDT,H,7.17,7.17,-0.5
9449880,2026-10-12T07:14Z,2026-10-12 00:14 PDT,L,-0.23,-0.23,0.2
9449880,2026-10-12T14:56Z,2026-10-12 07:56 PDT,H,7.29,7.29,-0.2
9449880,2026-10-12T19:30Z,2026-10-12 12:30 PDT,L,5.30,5.30,0.0
9449880,2026-10-13T00:26Z,2026-10-12 17:26 PDT,H,7.08,7.08,0.4
9449880,2026-10-13T07:46Z,2026-10-13 00:46 PDT,L,-0.59,-0.59,0.2
9449880,2026-10-13T15:49Z,2026-10-13 08:49 PDT,H,7.56,7.56,0.4
9449880,2026-10-13T20:22Z,2026-10-13 13:22 PDT,L,5.94,5.94,0.1
9449880,2026-10-14T00:41Z,2026-10-13 17:41 PDT,H,6.96,6.96,0.1
9449880,2026-10-14T08:20Z,2026-10-14 01:20 PDT,L,-0.69,-0.69,0.1
9449880,2026-10-14T16:45Z,2026-10-14 09:45 PDT,H,7.68,7.68,-0.2
9449880,2026-10-14T21:25Z,2026-10-14 14:25 PDT,L,6.37,6.37,0.9
9449880,2026-10-15T00:57Z,2026-10-14 17:57 PDT,H,6.80,6.80,0.4
9449880,2026-10-15T08:57Z,2026-10-15 01:57 PDT,L,-0.56,-0.56,0.0
9449880,2026-10-15T17:44Z,2026-10-15 10:44 PDT,H,7.69,7.69,0.3
9449880,2026-10-16T09:38Z,2026-10-16 02:38 PDT,L,-0.26,-0.26,0.3
9449880,2026-10-16T18:47Z,2026-10-16 11:47 PDT,H,7.62,7.62,0.1
9449880,2026-10-17T10:26Z,2026-10-17 03:26 PDT,L,0.13,0.13,-0.1
9449880,2026-10-17T19:49Z,2026-10-17 12:49 PDT,H,7.52,7.52,0.0
9449880,2026-10-18T11:20Z,2026-10-18 04:20 PDT,L,0.54,0.54,0.5
9449880,2026-10-18T20:43Z,2026-10-18 13:43 PDT,H,7.44,7.43,-0.1
9449424,2026-10-10T13:09Z,2026-10-10 06:09 PDT,H,7.99,7.99,-0.2
9449424,2026-10-10T18:36Z,2026-10-10 11:36 PDT,L,3.66,3.67,-0.1
9449424,2026-10-11T00:29Z,2026-10-10 17:29 PDT,H,8.66,8.66,0.6
9449424,2026-10-11T07:12Z,2026-10-11 00:12 PDT,L,0.31,0.32,0.2
9449424,2026-10-11T14:04Z,2026-10-11 07:04 PDT,H,8.40,8.40,0.2
9449424,2026-10-11T19:20Z,2026-10-11 12:20 PDT,L,4.61,4.61,0.1
9449424,2026-10-12T00:47Z,2026-10-11 17:47 PDT,H,8.42,8.42,0.2
9449424,2026-10-12T07:43Z,2026-10-12 00:43 PDT,L,-0.32,-0.32,0.4
9449424,2026-10-12T14:56Z,2026-10-12 07:56 PDT,H,8.72,8.73,0.0
9449424,2026-10-12T20:05Z,2026-10-12 13:05 PDT,L,5.44,5.44,0.5
9449424,2026-10-13T01:05Z,2026-10-12 18:05 PDT,H,8.15,8.15,-0.4
9449424,2026-10-13T08:15Z,2026-10-13 01:15 PDT,L,-0.67,-0.67,-0.2
9449424,2026-10-13T15:46Z,2026-10-13 08:46 PDT,H,8.93,8.93,0.1
9449424,2026-10-13T20:54Z,2026-10-13 13:54 PDT,L,6.10,6.10,0.6
9449424,2026-10-14T01:21Z,2026-10-13 18:21 PDT,H,7.88,7.88,0.2
9449424,2026-10-14T08:48Z,2026-10-14 01:48 PDT,L,-0.75,-0.74,-0.2
9449424,2026-10-14T16:37Z,2026-10-14 09:37 PDT,H,8.98,8.99,0.6
9449424,2026-10-14T21:46Z,2026-10-14 14:46 PDT,L,6.57,6.57,0.1
9449424,2026-10-15T01:38Z,2026-10-14 18:38 PDT,H,7.62,7.62,-0.2
9449424,2026-10-15T09:24Z,2026-10-15 02:24 PDT,L,-0.57,-0.57,-0.2
9449424,2026-10-15T17:30Z,2026-10-15 10:30 PDT,H,8.91,8.91,-0.1
9449424,2026-10-15T22:47Z,2026-10-15 15:47 PDT,L,6.86,6.86,-0.2
9449424,2026-10-16T01:55Z,2026-10-15 18:55 PDT,H,7.36,7.36,-0.1
9449424,2026-10-16T10:04Z,2026-10-16 03:04 PDT,L,-0.21,-0.21,0.5
9449424,2026-10-16T18:29Z,2026-10-16 11:29 PDT,H,8.76,8.76,-0.2
9449424,2026-10-17T00:06Z,2026-10-16 17:06 PDT,L,6.96,6.96,-0.2
9449424,2026-10-17T02:10Z,2026-10-16 19:10 PDT,H,7.08,7.08,-0.9
9449424,2026-10-17T10:52Z,2026-10-17 03:52 PDT,L,0.26,0.27,-0.3
9449424,2026-10-17T19:32Z,2026-10-17 12:32 PDT,H,8.62,8.63,0.2
9449424,2026-10-18T11:47Z,2026-10-18 04:47 PDT,L,0.76,0.77,0.0
9449424,2026-10-18T20:32Z,2026-10-18 13:32 PDT,H,8.56,8.56,0.0
9444900,2026-10-10T12:13Z,2026-10-10 05:13 PDT,H,7.52,7.52,0.1
9444900,2026-10-10T17:10Z,2026-10-10 10:10 PDT,L,3.43,3.43,0.1
9444900,2026-10-10T23:30Z,2026-10-10 16:30 PDT,H,8.31,8.32,-0.2
9444900,2026-10-11T05:45Z,2026-10-10 22:45 PDT,L,0.26,0.27,-0.2
9444900,2026-10-11T13:08Z,2026-10-11 06:08 PDT,H,7.85,7.86,0.5
9444900,2026-10-11T17:52Z,2026-10-11 10:52 PDT,L,4.38,4.38,0.4
9444900,2026-10-11T23:48Z,2026-10-11 16:48 PDT,H,8.17,8.18,0.4
9444900,2026-10-12T06:18Z,2026-10-11 23:18 PDT,L,-0.42,-0.41,-0.4
9444900,2026-10-12T14:01Z,2026-10-12 07:01 PDT,H,8.12,8.12,0.5
9444900,2026-10-12T18:37Z,2026-10-12 11:37 PDT,L,5.24,5.24,0.1
9444900,2026-10-13T00:09Z,2026-10-12 17:09 PDT,H,7.98,7.98,-0.1
9444900,2026-10-13T06:52Z,2026-10-12 23:52 PDT,L,-0.81,-0.80,-0.1
9444900,2026-10-13T14:54Z,2026-10-13 07:54 PDT,H,8.28,8.28,0.3
9444900,2026-10-13T19:27Z,2026-10-13 12:27 PDT,L,5.95,5.96,-0.3
9444900,2026-10-14T00:32Z,2026-10-13 17:32 PDT,H,7.73,7.73,0.6
9444900,2026-10-14T07:28Z,2026-10-14 00:28 PDT,L,-0.89,-0.89,0.3
9444900,2026-10-14T15:50Z,2026-10-14 08:50 PDT,H,8.33,8.34,-0.3
9444900,2026-10-14T20:25Z,2026-10-14 13:25 PDT,L,6.48,6.48,0.4
9444900,2026-10-15T00:56Z,2026-10-14 17:56 PDT,H,7.43,7.43,0.6
9444900,2026-10-15T08:08Z,2026-10-15 01:08 PDT,L,-0.71,-0.70,-0.2
9444900,2026-10-15T16:51Z,2026-10-15 09:51 PDT,H,8.30,8.30,0.7
9444900,2026-10-15T21:42Z,2026-10-15 14:42 PDT,L,6.78,6.78,-0.5
9444900,2026-10-16T01:19Z,2026-10-15 18:19 PDT,H,7.10,7.11,0.7
9444900,2026-10-16T08:52Z,2026-10-16 01:52 PDT,L,-0.32,-0.31,-0.2
9444900,2026-10-16T17:58Z,2026-10-16 10:58 PDT,H,8.24,8.24,0.0
9444900,2026-10-17T09:42Z,2026-10-17 02:42 PDT,L,0.19,0.20,-0.2
9444900,2026-10-17T19:04Z,2026-10-17 12:04 PDT,H,8.21,8.21,0.3
9444900,2026-10-18T10:39Z,2026-10-18 03:39 PDT,L,0.72,0.72,0.2
9444900,2026-10-18T19:59Z,2026-10-18 12:59 PDT,H,8.20,8.20,0.1
9445958,2026-10-10T12:41Z,2026-10-10 05:41 PDT,H,10.65,10.65,-0.4
9445958,2026-10-10T18:29Z,2026-10-10 11:29 PDT,L,3.51,3.50,-0.5
9445958,2026-10-11T00:15Z,2026-10-10 17:15 PDT,H,11.61,11.60,0.2
9445958,2026-10-11T06:59Z,2026-10-10 23:59 PDT,L,0.03,0.02,0.4
9445958,2026-10-11T13:30Z,2026-10-11 06:30 PDT,H,10.97,10.96,-0.1
9445958,2026-10-11T19:10Z,2026-10-11 12:10 PDT,L,4.60,4.59,0.1
9445958,2026-10-12T00:41Z,2026-10-11 17:41 PDT,H,11.36,11.35,0.1
9445958,2026-10-12T07:33Z,2026-10-12 00:33 PDT,L,-0.56,-0.57,0.5
9445958,2026-10-12T14:17Z,2026-10-12 07:17 PDT,H,11.20,11.19,0.0
9445958,2026-10-12T19:52Z,2026-10-12 12:52 PDT,L,5.62,5.62,-0.5
9445958,2026-10-13T01:08Z,2026-10-12 18:08 PDT,H,10.99,10.98,0.2
9445958,2026-10-13T08:06Z,2026-10-13 01:06 PDT,L,-0.85,-0.86,0.2
9445958,2026-10-13T15:03Z,2026-10-13 08:03 PDT,H,11.32,11.32,-0.1
9445958,2026-10-13T20:34Z,2026-10-13 13:34 PDT,L,6.49,6.49,0.0
9445958,2026-10-14T01:37Z,2026-10-13 18:37 PDT,H,10.52,10.52,-0.3
9445958,2026-10-14T08:42Z,2026-10-14 01:42 PDT,L,-0.84,-0.85,-0.4
9445958,2026-10-14T15:49Z,2026-10-14 08:49 PDT,H,11.31,11.31,0.1
9445958,2026-10-14T21:19Z,2026-10-14 14:19 PDT,L,7.18,7.17,0.2
9445958,2026-10-15T02:07Z,2026-10-14 19:07 PDT,H,9.99,9.98,0.0
9445958,2026-10-15T09:20Z,2026-10-15 02:20 PDT,L,-0.58,-0.58,-0.1
9445958,2026-10-15T16:38Z,2026-10-15 09:38 PDT,H,11.15,11.14,-0.2
9445958,2026-10-15T22:10Z,2026-10-15 15:10 PDT,L,7.67,7.66,-0.4
9445958,2026-10-16T02:40Z,2026-10-15 19:40 PDT,H,9.42,9.41,-0.3
9445958,2026-10-16T10:03Z,2026-10-16 03:03 PDT,L,-0.10,-0.10,-0.2
9445958,2026-10-16T17:32Z,2026-10-16 10:32 PDT,H,10.88,10.87,0.0
9445958,2026-10-16T23:10Z,2026-10-16 16:10 PDT,L,7.94,7.93,0.3
9445958,2026-10-17T03:19Z,2026-10-16 20:19 PDT,H,8.82,8.81,-0.5
9445958,2026-10-17T10:52Z,2026-10-17 03:52 PDT,L,0.50,0.49,0.2
9445958,2026-10-17T18:34Z,2026-10-17 11:34 PDT,H,10.61,10.60,0.0
9445958,2026-10-18T00:32Z,2026-10-17 17:32 PDT,L,7.90,7.89,0.1
9445958,2026-10-18T04:18Z,2026-10-17 21:18 PDT,H,8.22,8.21,0.1
9445958,2026-10-18T11:49Z,2026-10-18 04:49 PDT,L,1.10,1.10,0.2
9445958,2026-10-18T19:41Z,2026-10-18 12:41 PDT,H,10.48,10.47,-0.3
9447130,2026-10-10T12:35Z,2026-10-10 05:35 PDT,H,10.43,10.44,0.5
9447130,2026-10-10T18:16Z,2026-10-10 11:16 PDT,L,3.46,3.46,-0.3
9447130,2026-10-11T00:07Z,2026-10-10 17:07 PDT,H,11.39,11.39,-0.5
9447130,2026-10-11T06:45Z,2026-10-10 23:45 PDT,L,0.02,0.02,0.3
9447130,2026-10-11T13:25Z,2026-10-11 06:25 PDT,H,10.75,10.76,0.0
9447130,2026-10-11T18:58Z,2026-10-11 11:58 PDT,L,4.53,4.53,0.2
9447130,2026-10-12T00:32Z,2026-10-11 17:32 PDT,H,11.14,11.14,0.3
9447130,2026-10-12T07:17Z,2026-10-12 00:17 PDT,L,-0.63,-0.63,-0.2
9447130,2026-10-12T14:12Z,2026-10-12 07:12 PDT,H,10.98,10.98,0.4
9447130,2026-10-12T19:41Z,2026-10-12 12:41 PDT,L,5.55,5.55,0.1
9447130,2026-10-13T00:59Z,2026-10-12 17:59 PDT,H,10.78,10.78,0.0
9447130,2026-10-13T07:50Z,2026-10-13 00:50 PDT,L,-0.96,-0.96,-0.5
9447130,2026-10-13T14:59Z,2026-10-13 07:59 PDT,H,11.09,11.09,-0.3
9447130,2026-10-13T20:26Z,2026-10-13 13:26 PDT,L,6.45,6.45,-0.2
9447130,2026-10-14T01:28Z,2026-10-13 18:28 PDT,H,10.31,10.31,0.2
9447130,2026-10-14T08:24Z,2026-10-14 01:24 PDT,L,-0.98,-0.97,0.4
9447130,2026-10-14T15:46Z,2026-10-14 08:46 PDT,H,11.06,11.06,-0.5
9447130,2026-10-14T21:15Z,2026-10-14 14:15 PDT,L,7.15,7.15,-0.5
9447130,2026-10-15T02:00Z,2026-10-14 19:00 PDT,H,9.77,9.77,0.1
9447130,2026-10-15T09:03Z,2026-10-15 02:03 PDT,L,-0.70,-0.70,-0.5
9447130,2026-10-15T16:35Z,2026-10-15 09:35 PDT,H,10.89,10.89,-0.6
9447130,2026-10-15T22:12Z,2026-10-15 15:12 PDT,L,7.64,7.64,-0.4
9447130,2026-10-16T02:36Z,2026-10-15 19:36 PDT,H,9.18,9.18,-0.1
9447130,2026-10-16T09:45Z,2026-10-16 02:45 PDT,L,-0.19,-0.19,0.2
9447130,2026-10-16T17:32Z,2026-10-16 10:32 PDT,H,10.63,10.63,0.1
9447130,2026-10-16T23:29Z,2026-10-16 16:29 PDT,L,7.86,7.86,0.8
9447130,2026-10-17T03:19Z,2026-10-16 20:19 PDT,H,8.57,8.57,-0.1
9447130,2026-10-17T10:34Z,2026-10-17 03:34 PDT,L,0.45,0.45,0.1
9447130,2026-10-17T18:39Z,2026-10-17 11:39 PDT,H,10.41,10.42,-0.5
9447130,2026-10-18T01:31Z,2026-10-17 18:31 PDT,L,7.67,7.67,0.0
9447130,2026-10-18T04:19Z,2026-10-17 21:19 PDT,H,7.99,7.99,0.4
9447130,2026-10-18T11:30Z,2026-10-18 04:30 PDT,L,1.10,1.10,0.3
9447130,2026-10-18T19:47Z,2026-10-18 12:47 PDT,H,10.34,10.35,0.4
9446484,2026-10-10T12:34Z,2026-10-10 05:34 PDT,H,11.01,11.01,-0.1
9446484,2026-10-10T18:19Z,2026-10-10 11:19 PDT,L,3.39,3.39,0.3
9446484,2026-10-11T00:13Z,2026-10-10 17:13 PDT,H,11.87,11.87,-0.2
9446484,2026-10-11T06:49Z,2026-10-10 23:49 PDT,L,-0.06,-0.05,0.3
9446484,2026-10-11T13:23Z,2026-10-11 06:23 PDT,H,11.32,11.32,-0.1
9446484,2026-10-11T19:01Z,2026-10-11 12:01 PDT,L,4.50,4.50,0.2
9446484,2026-10-12T00:37Z,2026-10-11 17:37 PDT,H,11.64,11.64,0.2
9446484,2026-10-12T07:21Z,2026-10-12 00:21 PDT,L,-0.66,-0.66,0.0
9446484,2026-10-12T14:10Z,2026-10-12 07:10 PDT,H,11.51,11.51,-0.1
9446484,2026-10-12T19:43Z,2026-10-12 12:43 PDT,L,5.57,5.57,0.3
9446484,2026-10-13T01:03Z,2026-10-12 18:03 PDT,H,11.29,11.29,0.3
9446484,2026-10-13T07:53Z,2026-10-13 00:53 PDT,L,-0.96,-0.96,0.5
9446484,2026-10-13T14:56Z,2026-10-13 07:56 PDT,H,11.58,11.58,0.1
9446484,2026-10-13T20:27Z,2026-10-13 13:27 PDT,L,6.50,6.50,0.1
9446484,2026-10-14T01:32Z,2026-10-13 18:32 PDT,H,10.81,10.81,-0.2
9446484,2026-10-14T08:28Z,2026-10-14 01:28 PDT,L,-0.96,-0.95,-0.2
9446484,2026-10-14T15:43Z,2026-10-14 08:43 PDT,H,11.51,11.51,-0.1
9446484,2026-10-14T21:15Z,2026-10-14 14:15 PDT,L,7.23,7.23,-0.3
9446484,2026-10-15T02:03Z,2026-10-14 19:03 PDT,H,10.24,10.24,0.3
9446484,2026-10-15T09:05Z,2026-10-15 02:05 PDT,L,-0.67,-0.67,0.4
9446484,2026-10-15T16:33Z,2026-10-15 09:33 PDT,H,11.30,11.30,-0.2
9446484,2026-10-15T22:10Z,2026-10-15 15:10 PDT,L,7.73,7.73,0.5
9446484,2026-10-16T02:39Z,2026-10-15 19:39 PDT,H,9.60,9.60,0.0
9446484,2026-10-16T09:48Z,2026-10-16 02:48 PDT,L,-0.17,-0.16,-0.3
9446484,2026-10-16T17:29Z,2026-10-16 10:29 PDT,H,11.01,11.02,0.4
9446484,2026-10-16T23:24Z,2026-10-16 16:24 PDT,L,7.96,7.96,0.2
9446484,2026-10-17T03:22Z,2026-10-16 20:22 PDT,H,8.93,8.93,-0.6
9446484,2026-10-17T10:37Z,2026-10-17 03:37 PDT,L,0.47,0.47,-0.5
9446484,2026-10-17T18:35Z,2026-10-17 11:35 PDT,H,10.76,10.76,0.1
9446484,2026-10-18T01:08Z,2026-10-17 18:08 PDT,L,7.79,7.79,0.3
9446484,2026-10-18T04:23Z,2026-10-17 21:23 PDT,H,8.29,8.29,-0.9
9446484,2026-10-18T11:33Z,2026-10-18 04:33 PDT,L,1.11,1.11,0.4
9446484,2026-10-18T19:43Z,2026-10-18 12:43 PDT,H,10.67,10.67,0.3
