station,rank,time_utc,local,ft,above_mhhw_ft
9443090,1,2026-12-24T19:53Z,2026-12-24 11:53 PST,10.34,2.38
9443090,2,2027-01-22T19:50Z,2027-01-22 11:50 PST,10.16,2.20
9443090,3,2026-11-25T20:05Z,2026-11-25 12:05 PST,9.99,2.03
9443090,4,2027-06-06T08:31Z,2027-06-06 01:31 PDT,9.55,1.59
9443090,5,2027-07-05T08:24Z,2027-07-05 01:24 PDT,9.51,1.55
9443090,6,2027-02-20T19:48Z,2027-02-20 11:48 PST,9.47,1.51
9443090,7,2026-12-21T17:24Z,2026-12-21 09:24 PST,9.38,1.42
9443090,8,2027-01-19T16:57Z,2027-01-19 08:57 PST,9.35,1.39
9443090,9,2027-05-08T08:48Z,2027-05-08 01:48 PDT,9.34,1.38
9443090,10,2026-10-28T21:08Z,2026-10-28 14:08 PDT,9.29,1.33
9444090,1,2026-12-23T19:55Z,2026-12-23 11:55 PST,9.17,2.10
9444090,2,2026-11-25T20:59Z,2026-11-25 12:59 PST,8.93,1.86
9444090,3,2027-01-20T18:49Z,2027-01-20 10:49 PST,8.76,1.69
9444090,4,2027-07-04T08:22Z,2027-07-04 01:22 PDT,8.35,1.28
9444090,5,2026-10-28T22:05Z,2026-10-28 15:05 PDT,8.31,1.24
9444090,6,2027-06-05T08:33Z,2027-06-05 01:33 PDT,8.31,1.24
9444090,7,2026-12-20T18:05Z,2026-12-20 10:05 PST,8.28,1.21
9444090,8,2026-12-26T22:26Z,2026-12-26 14:26 PST,8.11,1.04
9444090,9,2026-11-22T19:36Z,2026-11-22 11:36 PST,8.11,1.04
9444090,10,2027-01-17T16:10Z,2027-01-17 08:10 PST,8.10,1.03
9449880,1,2026-12-25T15:30Z,2026-12-25 07:30 PST,9.26,1.50
9449880,2,2026-11-26T15:46Z,2026-11-26 07:46 PST,9.10,1.34
9449880,3,2027-01-22T14:21Z,2027-01-22 06:21 PST,8.92,1.16
9449880,4,2026-12-09T15:07Z,2026-12-09 07:07 PST,8.90,1.14
9449880,5,2026-12-28T17:16Z,2026-12-28 09:16 PST,8.88,1.12
9449880,6,2026-11-29T18:10Z,2026-11-29 10:10 PST,8.80,1.04
9449880,7,2027-01-25T15:43Z,2027-01-25 07:43 PST,8.76,1.00
9449880,8,2027-01-06T14:18Z,2027-01-06 06:18 PST,8.70,0.94
9449880,9,2026-12-21T20:06Z,2026-12-21 12:06 PST,8.64,0.88
9449880,10,2026-12-12T16:47Z,2026-12-12 08:47 PST,8.59,0.83
9449424,1,2026-12-26T16:09Z,2026-12-26 08:09 PST,10.82,1.67
9449424,2,2027-01-24T15:23Z,2027-01-24 07:23 PST,10.62,1.47
9449424,3,2026-11-27T16:31Z,2026-11-27 08:31 PST,10.57,1.42
9449424,4,2026-12-29T17:54Z,2026-12-29 09:54 PST,10.37,1.22
9449424,5,2026-12-23T14:06Z,2026-12-23 06:06 PST,10.28,1.13
9449424,6,2027-01-21T13:49Z,2027-01-21 05:49 PST,10.26,1.11
9449424,7,2026-12-10T15:37Z,2026-12-10 07:37 PST,10.22,1.07
9449424,8,2027-07-07T04:18Z,2027-07-06 21:18 PDT,10.17,1.02
9449424,9,2026-11-30T18:52Z,2026-11-30 10:52 PST,10.16,1.01
9449424,10,2027-06-08T04:55Z,2027-06-07 21:55 PDT,10.13,0.98
9444900,1,2026-12-26T15:08Z,2026-12-26 07:08 PST,9.95,1.43
9444900,2,2027-01-24T14:22Z,2027-01-24 06:22 PST,9.81,1.29
9444900,3,2026-11-27T15:33Z,2026-11-27 07:33 PST,9.75,1.23
9444900,4,2026-12-29T16:56Z,2026-12-29 08:56 PST,9.71,1.19
9444900,5,2026-12-10T14:46Z,2026-12-10 06:46 PST,9.58,1.06
9444900,6,2027-01-27T15:48Z,2027-01-27 07:48 PST,9.57,1.05
9444900,7,2026-11-30T17:57Z,2026-11-30 09:57 PST,9.49,0.97
9444900,8,2026-12-23T13:08Z,2026-12-23 05:08 PST,9.48,0.96
9444900,9,2027-01-21T12:49Z,2027-01-21 04:49 PST,9.45,0.93
9444900,10,2027-01-07T13:48Z,2027-01-07 05:48 PST,9.42,0.90
9445958,1,2027-01-25T15:23Z,2027-01-25 07:23 PST,13.43,1.71
9445958,2,2026-12-26T15:28Z,2026-12-26 07:28 PST,13.39,1.67
9445958,3,2026-12-29T17:25Z,2026-12-29 09:25 PST,13.08,1.36
9445958,4,2026-11-27T15:45Z,2026-11-27 07:45 PST,13.07,1.35
9445958,5,2027-01-22T13:42Z,2027-01-22 05:42 PST,13.00,1.28
9445958,6,2027-02-22T14:03Z,2027-02-22 06:03 PST,12.94,1.22
9445958,7,2027-07-08T04:18Z,2027-07-07 21:18 PDT,12.83,1.11
9445958,8,2027-06-08T04:12Z,2027-06-07 21:12 PDT,12.63,0.91
9445958,9,2027-01-28T17:02Z,2027-01-28 09:02 PST,12.62,0.90
9445958,10,2027-08-06T03:29Z,2027-08-05 20:29 PDT,12.62,0.90
9447130,1,2027-01-25T15:15Z,2027-01-25 07:15 PST,13.09,1.73
9447130,2,2026-12-26T15:22Z,2026-12-26 07:22 PST,13.00,1.64
9447130,3,2026-12-29T17:20Z,2026-12-29 09:20 PST,12.75,1.39
9447130,4,2026-11-27T15:39Z,2026-11-27 07:39 PST,12.69,1.33
9447130,5,2027-01-22T13:38Z,2027-01-22 05:38 PST,12.64,1.28
9447130,6,2027-02-22T13:55Z,2027-02-22 05:55 PST,12.62,1.26
9447130,7,2027-07-08T04:10Z,2027-07-07 21:10 PDT,12.53,1.17
9447130,8,2027-08-06T03:20Z,2027-08-05 20:20 PDT,12.37,1.01
9447130,9,2026-11-30T18:11Z,2026-11-30 10:11 PST,12.31,0.95
9447130,10,2027-06-08T04:04Z,2027-06-07 21:04 PDT,12.28,0.92
9446484,1,2027-01-25T15:18Z,2027-01-25 07:18 PST,13.42,1.64
9446484,2,2026-12-26T15:22Z,2026-12-26 07:22 PST,13.30,1.52
9446484,3,2026-12-29T17:24Z,2026-12-29 09:24 PST,13.03,1.25
9446484,4,2026-11-26T14:48Z,2026-11-26 06:48 PST,13.03,1.25
9446484,5,2027-02-22T13:58Z,2027-02-22 05:58 PST,12.99,1.21
9446484,6,2027-01-22T13:37Z,2027-01-22 05:37 PST,12.97,1.19
9446484,7,2027-07-08T04:12Z,2027-07-07 21:12 PDT,12.95,1.17
9446484,8,2027-08-06T03:23Z,2027-08-05 20:23 PDT,12.85,1.07
9446484,9,2026-11-29T17:24Z,2026-11-29 09:24 PST,12.73,0.95
9446484,10,2027-06-08T04:06Z,2027-06-07 21:06 PDT,12.69,0.91
