station,time_utc,local,ft
9443090,2026-12-21T00:18Z,2026-12-20 16:18 PST,-0.07
9443090,2027-01-18T23:57Z,2027-01-18 15:57 PST,-0.21
9443090,2027-01-20T00:51Z,2027-01-19 16:51 PST,-1.05
9443090,2027-02-16T23:36Z,2027-02-16 15:36 PST,-0.12
9443090,2027-02-18T00:32Z,2027-02-17 16:32 PST,-0.69
9443090,2027-02-19T01:21Z,2027-02-18 17:21 PST,-1.08
9443090,2027-03-19T00:05Z,2027-03-18 17:05 PDT,-0.10
9443090,2027-03-20T00:53Z,2027-03-19 17:53 PDT,-0.14
9443090,2027-03-24T16:11Z,2027-03-24 09:11 PDT,-0.11
9443090,2027-03-25T16:54Z,2027-03-25 09:54 PDT,-0.14
9443090,2027-04-08T15:47Z,2027-04-08 08:47 PDT,-0.38
9443090,2027-04-09T16:29Z,2027-04-09 09:29 PDT,-0.68
9443090,2027-04-10T17:16Z,2027-04-10 10:16 PDT,-0.73
9443090,2027-04-11T18:09Z,2027-04-11 11:09 PDT,-0.57
9443090,2027-04-12T19:10Z,2027-04-12 12:10 PDT,-0.28
9443090,2027-04-20T14:32Z,2027-04-20 07:32 PDT,-0.37
9443090,2027-04-21T15:12Z,2027-04-21 08:12 PDT,-0.83
9443090,2027-04-22T15:51Z,2027-04-22 08:51 PDT,-0.98
9443090,2027-04-23T16:31Z,2027-04-23 09:31 PDT,-0.85
9443090,2027-04-24T17:11Z,2027-04-24 10:11 PDT,-0.52
9443090,2027-04-25T17:55Z,2027-04-25 10:55 PDT,-0.06
9443090,2027-05-05T14:11Z,2027-05-05 07:11 PDT,-0.46
9443090,2027-05-06T14:51Z,2027-05-06 07:51 PDT,-1.19
9443090,2027-05-07T15:32Z,2027-05-07 08:32 PDT,-1.66
9443090,2027-05-08T16:17Z,2027-05-08 09:17 PDT,-1.85
9443090,2027-05-09T17:05Z,2027-05-09 10:05 PDT,-1.75
9443090,2027-05-10T17:56Z,2027-05-10 10:56 PDT,-1.41
9443090,2027-05-11T18:51Z,2027-05-11 11:51 PDT,-0.89
9443090,2027-05-12T19:49Z,2027-05-12 12:49 PDT,-0.28
9443090,2027-05-18T13:37Z,2027-05-18 06:37 PDT,-0.53
9443090,2027-05-19T14:18Z,2027-05-19 07:18 PDT,-1.06
9443090,2027-05-20T14:57Z,2027-05-20 07:57 PDT,-1.33
9443090,2027-05-21T15:34Z,2027-05-21 08:34 PDT,-1.36
9443090,2027-05-22T16:12Z,2027-05-22 09:12 PDT,-1.19
9443090,2027-05-23T16:50Z,2027-05-23 09:50 PDT,-0.87
9443090,2027-05-24T17:29Z,2027-05-24 10:29 PDT,-0.47
9443090,2027-05-25T18:08Z,2027-05-25 11:08 PDT,-0.01
9443090,2027-06-02T13:07Z,2027-06-02 06:07 PDT,-0.48
9443090,2027-06-03T13:51Z,2027-06-03 06:51 PDT,-1.38
9443090,2027-06-04T14:35Z,2027-06-04 07:35 PDT,-2.06
9443090,2027-06-05T15:19Z,2027-06-05 08:19 PDT,-2.46
9443090,2027-06-06T16:05Z,2027-06-06 09:05 PDT,-2.55
9443090,2027-06-07T16:52Z,2027-06-07 09:52 PDT,-2.33
9443090,2027-06-08T17:39Z,2027-06-08 10:39 PDT,-1.83
9443090,2027-06-09T18:26Z,2027-06-09 11:26 PDT,-1.10
9443090,2027-06-10T19:13Z,2027-06-10 12:13 PDT,-0.21
9443090,2027-06-15T12:36Z,2027-06-15 05:36 PDT,-0.34
9443090,2027-06-16T13:22Z,2027-06-16 06:22 PDT,-0.88
9443090,2027-06-17T14:03Z,2027-06-17 07:03 PDT,-1.22
9443090,2027-06-18T14:42Z,2027-06-18 07:42 PDT,-1.38
9443090,2027-06-19T15:18Z,2027-06-19 08:18 PDT,-1.38
9443090,2027-06-20T15:54Z,2027-06-20 08:54 PDT,-1.26
9443090,2027-06-21T16:28Z,2027-06-21 09:28 PDT,-1.03
9443090,2027-06-22T17:01Z,2027-06-22 10:01 PDT,-0.69
9443090,2027-06-23T17:32Z,2027-06-23 10:32 PDT,-0.27
9443090,2027-07-01T12:44Z,2027-07-01 05:44 PDT,-1.03
9443090,2027-07-02T13:33Z,2027-07-02 06:33 PDT,-1.84
9443090,2027-07-03T14:20Z,2027-07-03 07:20 PDT,-2.44
9443090,2027-07-04T15:05Z,2027-07-04 08:05 PDT,-2.75
9443090,2027-07-05T15:49Z,2027-07-05 08:49 PDT,-2.72
9443090,2027-07-06T16:31Z,2027-07-06 09:31 PDT,-2.36
9443090,2027-07-07T17:13Z,2027-07-07 10:13 PDT,-1.68
9443090,2027-07-08T17:54Z,2027-07-08 10:54 PDT,-0.76
9443090,2027-07-15T13:04Z,2027-07-15 06:04 PDT,-0.76
9443090,2027-07-16T13:47Z,2027-07-16 06:47 PDT,-1.00
9443090,2027-07-17T14:25Z,2027-07-17 07:25 PDT,-1.13
9443090,2027-07-18T14:59Z,2027-07-18 07:59 PDT,-1.17
9443090,2027-07-19T15:31Z,2027-07-19 08:31 PDT,-1.09
9443090,2027-07-20T16:00Z,2027-07-20 09:00 PDT,-0.89
9443090,2027-07-21T16:27Z,2027-07-21 09:27 PDT,-0.56
9443090,2027-07-22T16:53Z,2027-07-22 09:53 PDT,-0.11
9443090,2027-07-31T13:14Z,2027-07-31 06:14 PDT,-1.87
9443090,2027-08-01T14:01Z,2027-08-01 07:01 PDT,-2.31
9443090,2027-08-02T14:44Z,2027-08-02 07:44 PDT,-2.44
9443090,2027-08-03T15:25Z,2027-08-03 08:25 PDT,-2.23
9443090,2027-08-04T16:04Z,2027-08-04 09:04 PDT,-1.68
9443090,2027-08-05T16:41Z,2027-08-05 09:41 PDT,-0.86
9443090,2027-08-14T13:23Z,2027-08-14 06:23 PDT,-0.54
9443090,2027-08-15T13:59Z,2027-08-15 06:59 PDT,-0.65
9443090,2027-08-16T14:31Z,2027-08-16 07:31 PDT,-0.67
9443090,2027-08-17T14:59Z,2027-08-17 07:59 PDT,-0.56
9443090,2027-08-18T15:25Z,2027-08-18 08:25 PDT,-0.32
9443090,2027-08-30T13:35Z,2027-08-30 06:35 PDT,-1.59
9443090,2027-08-31T14:16Z,2027-08-31 07:16 PDT,-1.46
9443090,2027-09-01T14:55Z,2027-09-01 07:55 PDT,-1.03
9443090,2027-09-02T15:30Z,2027-09-02 08:30 PDT,-0.36
9444090,2027-02-16T00:18Z,2027-02-15 16:18 PST,-0.46
9444090,2027-02-17T01:16Z,2027-02-16 17:16 PST,-1.03
9444090,2027-03-14T21:39Z,2027-03-14 14:39 PDT,-0.18
9444090,2027-03-15T22:42Z,2027-03-15 15:42 PDT,-0.40
9444090,2027-03-16T23:45Z,2027-03-16 16:45 PDT,-0.57
9444090,2027-03-18T00:46Z,2027-03-17 17:46 PDT,-0.64
9444090,2027-03-19T01:43Z,2027-03-18 18:43 PDT,-0.56
9444090,2027-03-25T18:54Z,2027-03-25 11:54 PDT,-0.19
9444090,2027-03-26T19:40Z,2027-03-26 12:40 PDT,-0.22
9444090,2027-03-27T20:29Z,2027-03-27 13:29 PDT,-0.04
9444090,2027-04-08T17:48Z,2027-04-08 10:48 PDT,-0.38
9444090,2027-04-09T18:32Z,2027-04-09 11:32 PDT,-0.88
9444090,2027-04-10T19:19Z,2027-04-10 12:19 PDT,-1.16
9444090,2027-04-11T20:11Z,2027-04-11 13:11 PDT,-1.21
9444090,2027-04-12T21:08Z,2027-04-12 14:08 PDT,-1.08
9444090,2027-04-13T22:09Z,2027-04-13 15:09 PDT,-0.80
9444090,2027-04-14T23:10Z,2027-04-14 16:10 PDT,-0.41
9444090,2027-04-20T16:25Z,2027-04-20 09:25 PDT,-0.33
9444090,2027-04-21T17:03Z,2027-04-21 10:03 PDT,-0.96
9444090,2027-04-22T17:42Z,2027-04-22 10:42 PDT,-1.26
9444090,2027-04-23T18:23Z,2027-04-23 11:23 PDT,-1.26
9444090,2027-04-24T19:05Z,2027-04-24 12:05 PDT,-1.04
9444090,2027-04-25T19:50Z,2027-04-25 12:50 PDT,-0.66
9444090,2027-04-26T20:38Z,2027-04-26 13:38 PDT,-0.21
9444090,2027-05-05T16:04Z,2027-05-05 09:04 PDT,-0.67
9444090,2027-05-06T16:43Z,2027-05-06 09:43 PDT,-1.52
9444090,2027-05-07T17:24Z,2027-05-07 10:24 PDT,-2.11
9444090,2027-05-08T18:09Z,2027-05-08 11:09 PDT,-2.41
9444090,2027-05-09T18:57Z,2027-05-09 11:57 PDT,-2.41
9444090,2027-05-10T19:48Z,2027-05-10 12:48 PDT,-2.13
9444090,2027-05-11T20:41Z,2027-05-11 13:41 PDT,-1.58
9444090,2027-05-12T21:35Z,2027-05-12 14:35 PDT,-0.83
9444090,2027-05-18T15:31Z,2027-05-18 08:31 PDT,-0.90
9444090,2027-05-19T16:06Z,2027-05-19 09:06 PDT,-1.53
9444090,2027-05-20T16:42Z,2027-05-20 09:42 PDT,-1.86
9444090,2027-05-21T17:19Z,2027-05-21 10:19 PDT,-1.93
9444090,2027-05-22T17:57Z,2027-05-22 10:57 PDT,-1.78
9444090,2027-05-23T18:37Z,2027-05-23 11:37 PDT,-1.48
9444090,2027-05-24T19:18Z,2027-05-24 12:18 PDT,-1.07
9444090,2027-05-25T20:00Z,2027-05-25 13:00 PDT,-0.57
9444090,2027-06-02T15:00Z,2027-06-02 08:00 PDT,-1.02
9444090,2027-06-03T15:40Z,2027-06-03 08:40 PDT,-1.99
9444090,2027-06-04T16:21Z,2027-06-04 09:21 PDT,-2.73
9444090,2027-06-05T17:05Z,2027-06-05 10:05 PDT,-3.16
9444090,2027-06-06T17:51Z,2027-06-06 10:51 PDT,-3.25
9444090,2027-06-07T18:38Z,2027-06-07 11:38 PDT,-2.98
9444090,2027-06-08T19:25Z,2027-06-08 12:25 PDT,-2.37
9444090,2027-06-09T20:13Z,2027-06-09 13:13 PDT,-1.45
9444090,2027-06-10T21:00Z,2027-06-10 14:00 PDT,-0.27
9444090,2027-06-14T13:53Z,2027-06-14 06:53 PDT,-0.11
9444090,2027-06-15T14:34Z,2027-06-15 07:34 PDT,-0.95
9444090,2027-06-16T15:11Z,2027-06-16 08:11 PDT,-1.52
9444090,2027-06-17T15:47Z,2027-06-17 08:47 PDT,-1.86
9444090,2027-06-18T16:23Z,2027-06-18 09:23 PDT,-1.99
9444090,2027-06-19T16:59Z,2027-06-19 09:59 PDT,-1.97
9444090,2027-06-20T17:35Z,2027-06-20 10:35 PDT,-1.81
9444090,2027-06-21T18:12Z,2027-06-21 11:12 PDT,-1.53
9444090,2027-06-22T18:49Z,2027-06-22 11:49 PDT,-1.10
9444090,2027-06-23T19:24Z,2027-06-23 12:24 PDT,-0.53
9444090,2027-06-30T13:49Z,2027-06-30 06:49 PDT,-0.75
9444090,2027-07-01T14:33Z,2027-07-01 07:33 PDT,-1.76
9444090,2027-07-02T15:18Z,2027-07-02 08:18 PDT,-2.59
9444090,2027-07-03T16:02Z,2027-07-03 09:02 PDT,-3.15
9444090,2027-07-04T16:47Z,2027-07-04 09:47 PDT,-3.38
9444090,2027-07-05T17:32Z,2027-07-05 10:32 PDT,-3.22
9444090,2027-07-06T18:16Z,2027-07-06 11:16 PDT,-2.66
9444090,2027-07-07T19:00Z,2027-07-07 12:00 PDT,-1.72
9444090,2027-07-08T19:42Z,2027-07-08 12:42 PDT,-0.49
9444090,2027-07-13T13:21Z,2027-07-13 06:21 PDT,-0.56
9444090,2027-07-14T14:07Z,2027-07-14 07:07 PDT,-1.03
9444090,2027-07-15T14:49Z,2027-07-15 07:49 PDT,-1.32
9444090,2027-07-16T15:28Z,2027-07-16 08:28 PDT,-1.49
9444090,2027-07-17T16:04Z,2027-07-17 09:04 PDT,-1.55
9444090,2027-07-18T16:39Z,2027-07-18 09:39 PDT,-1.51
9444090,2027-07-19T17:13Z,2027-07-19 10:13 PDT,-1.35
9444090,2027-07-20T17:46Z,2027-07-20 10:46 PDT,-1.02
9444090,2027-07-21T18:18Z,2027-07-21 11:18 PDT,-0.51
9444090,2027-07-29T13:17Z,2027-07-29 06:17 PDT,-1.08
9444090,2027-07-30T14:08Z,2027-07-30 07:08 PDT,-1.85
9444090,2027-07-31T14:56Z,2027-07-31 07:56 PDT,-2.44
9444090,2027-08-01T15:43Z,2027-08-01 08:43 PDT,-2.74
9444090,2027-08-02T16:27Z,2027-08-02 09:27 PDT,-2.67
9444090,2027-08-03T17:10Z,2027-08-03 10:10 PDT,-2.19
9444090,2027-08-04T17:51Z,2027-08-04 10:51 PDT,-1.33
9444090,2027-08-05T18:31Z,2027-08-05 11:31 PDT,-0.16
9444090,2027-08-12T13:35Z,2027-08-12 06:35 PDT,-0.48
9444090,2027-08-13T14:23Z,2027-08-13 07:23 PDT,-0.60
9444090,2027-08-14T15:04Z,2027-08-14 08:04 PDT,-0.68
9444090,2027-08-15T15:40Z,2027-08-15 08:40 PDT,-0.68
9444090,2027-08-16T16:13Z,2027-08-16 09:13 PDT,-0.57
9444090,2027-08-17T16:44Z,2027-08-17 09:44 PDT,-0.30
9444090,2027-08-28T13:41Z,2027-08-28 06:41 PDT,-1.37
9444090,2027-08-29T14:32Z,2027-08-29 07:32 PDT,-1.57
9444090,2027-08-30T15:19Z,2027-08-30 08:19 PDT,-1.47
9444090,2027-08-31T16:02Z,2027-08-31 09:02 PDT,-1.02
9444090,2027-09-01T16:43Z,2027-09-01 09:43 PDT,-0.24
9449880,2027-02-15T00:53Z,2027-02-14 16:53 PST,-0.22
9449880,2027-03-13T22:18Z,2027-03-13 14:18 PST,-0.39
9449880,2027-03-14T23:13Z,2027-03-14 16:13 PDT,-0.67
9449880,2027-03-16T00:15Z,2027-03-15 17:15 PDT,-0.79
9449880,2027-03-17T01:21Z,2027-03-16 18:21 PDT,-0.82
9449880,2027-03-25T20:48Z,2027-03-25 13:48 PDT,-0.36
9449880,2027-03-26T21:28Z,2027-03-26 14:28 PDT,-0.48
9449880,2027-03-27T22:11Z,2027-03-27 15:11 PDT,-0.34
9449880,2027-03-28T23:00Z,2027-03-28 16:00 PDT,-0.04
9449880,2027-04-08T19:33Z,2027-04-08 12:33 PDT,-0.65
9449880,2027-04-09T20:13Z,2027-04-09 13:13 PDT,-1.26
9449880,2027-04-10T20:57Z,2027-04-10 13:57 PDT,-1.60
9449880,2027-04-11T21:47Z,2027-04-11 14:47 PDT,-1.66
9449880,2027-04-12T22:43Z,2027-04-12 15:43 PDT,-1.46
9449880,2027-04-13T23:44Z,2027-04-13 16:44 PDT,-1.07
9449880,2027-04-15T00:48Z,2027-04-14 17:48 PDT,-0.54
9449880,2027-04-20T18:25Z,2027-04-20 11:25 PDT,-0.37
9449880,2027-04-21T18:58Z,2027-04-21 11:58 PDT,-1.03
9449880,2027-04-22T19:32Z,2027-04-22 12:32 PDT,-1.38
9449880,2027-04-23T20:07Z,2027-04-23 13:07 PDT,-1.43
9449880,2027-04-24T20:45Z,2027-04-24 13:45 PDT,-1.25
9449880,2027-04-25T21:26Z,2027-04-25 14:26 PDT,-0.89
9449880,2027-04-26T22:11Z,2027-04-26 15:11 PDT,-0.43
9449880,2027-05-05T17:50Z,2027-05-05 10:50 PDT,-0.87
9449880,2027-05-06T18:25Z,2027-05-06 11:25 PDT,-1.75
9449880,2027-05-07T19:04Z,2027-05-07 12:04 PDT,-2.37
9449880,2027-05-08T19:48Z,2027-05-08 12:48 PDT,-2.70
9449880,2027-05-09T20:35Z,2027-05-09 13:35 PDT,-2.70
9449880,2027-05-10T21:26Z,2027-05-10 14:26 PDT,-2.38
9449880,2027-05-11T22:19Z,2027-05-11 15:19 PDT,-1.77
9449880,2027-05-12T23:15Z,2027-05-12 16:15 PDT,-0.89
9449880,2027-05-17T16:55Z,2027-05-17 09:55 PDT,-0.20
9449880,2027-05-18T17:26Z,2027-05-18 10:26 PDT,-1.07
9449880,2027-05-19T17:57Z,2027-05-19 10:57 PDT,-1.65
9449880,2027-05-20T18:28Z,2027-05-20 11:28 PDT,-1.94
9449880,2027-05-21T19:02Z,2027-05-21 12:02 PDT,-1.99
9449880,2027-05-22T19:37Z,2027-05-22 12:37 PDT,-1.85
9449880,2027-05-23T20:15Z,2027-05-23 13:15 PDT,-1.57
9449880,2027-05-24T20:54Z,2027-05-24 13:54 PDT,-1.17
9449880,2027-05-25T21:34Z,2027-05-25 14:34 PDT,-0.68
9449880,2027-05-26T22:14Z,2027-05-26 15:14 PDT,-0.06
9449880,2027-06-01T16:13Z,2027-06-01 09:13 PDT,-0.16
9449880,2027-06-02T16:44Z,2027-06-02 09:44 PDT,-1.26
9449880,2027-06-03T17:20Z,2027-06-03 10:20 PDT,-2.20
9449880,2027-06-04T18:00Z,2027-06-04 11:00 PDT,-2.90
9449880,2027-06-05T18:44Z,2027-06-05 11:44 PDT,-3.30
9449880,2027-06-06T19:31Z,2027-06-06 12:31 PDT,-3.36
9449880,2027-06-07T20:19Z,2027-06-07 13:19 PDT,-3.06
9449880,2027-06-08T21:08Z,2027-06-08 14:08 PDT,-2.40
9449880,2027-06-09T21:56Z,2027-06-09 14:56 PDT,-1.38
9449880,2027-06-10T22:43Z,2027-06-10 15:43 PDT,-0.07
9449880,2027-06-14T15:51Z,2027-06-14 08:51 PDT,-0.39
9449880,2027-06-15T16:26Z,2027-06-15 09:26 PDT,-1.17
9449880,2027-06-16T16:59Z,2027-06-16 09:59 PDT,-1.66
9449880,2027-06-17T17:32Z,2027-06-17 10:32 PDT,-1.90
9449880,2027-06-18T18:06Z,2027-06-18 11:06 PDT,-1.96
9449880,2027-06-19T18:40Z,2027-06-19 11:40 PDT,-1.89
9449880,2027-06-20T19:16Z,2027-06-20 12:16 PDT,-1.72
9449880,2027-06-21T19:51Z,2027-06-21 12:51 PDT,-1.46
9449880,2027-06-22T20:27Z,2027-06-22 13:27 PDT,-1.06
9449880,2027-06-23T21:01Z,2027-06-23 14:01 PDT,-0.51
9449880,2027-06-30T15:32Z,2027-06-30 08:32 PDT,-0.99
9449880,2027-07-01T16:13Z,2027-07-01 09:13 PDT,-1.94
9449880,2027-07-02T16:57Z,2027-07-02 09:57 PDT,-2.70
9449880,2027-07-03T17:43Z,2027-07-03 10:43 PDT,-3.20
9449880,2027-07-04T18:30Z,2027-07-04 11:30 PDT,-3.37
9449880,2027-07-05T19:16Z,2027-07-05 12:16 PDT,-3.15
9449880,2027-07-06T20:03Z,2027-07-06 13:03 PDT,-2.54
9449880,2027-07-07T20:47Z,2027-07-07 13:47 PDT,-1.52
9449880,2027-07-08T21:30Z,2027-07-08 14:30 PDT,-0.17
9449880,2027-07-12T14:27Z,2027-07-12 07:27 PDT,-0.10
9449880,2027-07-13T15:12Z,2027-07-13 08:12 PDT,-0.74
9449880,2027-07-14T15:55Z,2027-07-14 08:55 PDT,-1.14
9449880,2027-07-15T16:35Z,2027-07-15 09:35 PDT,-1.35
9449880,2027-07-16T17:12Z,2027-07-16 10:12 PDT,-1.42
9449880,2027-07-17T17:48Z,2027-07-17 10:48 PDT,-1.42
9449880,2027-07-18T18:23Z,2027-07-18 11:23 PDT,-1.34
9449880,2027-07-19T18:56Z,2027-07-19 11:56 PDT,-1.16
9449880,2027-07-20T19:29Z,2027-07-20 12:29 PDT,-0.85
9449880,2027-07-21T20:00Z,2027-07-21 13:00 PDT,-0.36
9449880,2027-07-28T14:03Z,2027-07-28 07:03 PDT,-0.43
9449880,2027-07-29T14:56Z,2027-07-29 07:56 PDT,-1.24
9449880,2027-07-30T15:48Z,2027-07-30 08:48 PDT,-1.95
9449880,2027-07-31T16:39Z,2027-07-31 09:39 PDT,-2.47
9449880,2027-08-01T17:27Z,2027-08-01 10:27 PDT,-2.69
9449880,2027-08-02T18:14Z,2027-08-02 11:14 PDT,-2.55
9449880,2027-08-03T18:59Z,2027-08-03 11:59 PDT,-1.99
9449880,2027-08-04T19:42Z,2027-08-04 12:42 PDT,-1.03
9449880,2027-08-10T13:33Z,2027-08-10 06:33 PDT,-0.18
9449880,2027-08-11T14:28Z,2027-08-11 07:28 PDT,-0.37
9449880,2027-08-12T15:22Z,2027-08-12 08:22 PDT,-0.47
9449880,2027-08-13T16:10Z,2027-08-13 09:10 PDT,-0.54
9449880,2027-08-14T16:52Z,2027-08-14 09:52 PDT,-0.56
9449880,2027-08-15T17:29Z,2027-08-15 10:29 PDT,-0.52
9449880,2027-08-16T18:02Z,2027-08-16 11:02 PDT,-0.37
9449880,2027-08-17T18:33Z,2027-08-17 11:33 PDT,-0.07
9449880,2027-08-27T14:24Z,2027-08-27 07:24 PDT,-1.06
9449880,2027-08-28T15:25Z,2027-08-28 08:25 PDT,-1.39
9449880,2027-08-29T16:19Z,2027-08-29 09:19 PDT,-1.53
9449880,2027-08-30T17:08Z,2027-08-30 10:08 PDT,-1.34
9449880,2027-08-31T17:53Z,2027-08-31 10:53 PDT,-0.78
9449880,2027-09-26T14:56Z,2027-09-26 07:56 PDT,-0.28
9449424,2027-02-15T01:17Z,2027-02-14 17:17 PST,-0.19
9449424,2027-03-13T22:43Z,2027-03-13 14:43 PST,-0.41
9449424,2027-03-14T23:37Z,2027-03-14 16:37 PDT,-0.65
9449424,2027-03-16T00:41Z,2027-03-15 17:41 PDT,-0.73
9449424,2027-03-17T01:50Z,2027-03-16 18:50 PDT,-0.75
9449424,2027-03-24T20:37Z,2027-03-24 13:37 PDT,-0.04
9449424,2027-03-25T21:15Z,2027-03-25 14:15 PDT,-0.45
9449424,2027-03-26T21:54Z,2027-03-26 14:54 PDT,-0.52
9449424,2027-03-27T22:36Z,2027-03-27 15:36 PDT,-0.32
9449424,2027-04-08T20:04Z,2027-04-08 13:04 PDT,-0.75
9449424,2027-04-09T20:42Z,2027-04-09 13:42 PDT,-1.37
9449424,2027-04-10T21:25Z,2027-04-10 14:25 PDT,-1.70
9449424,2027-04-11T22:14Z,2027-04-11 15:14 PDT,-1.71
9449424,2027-04-12T23:09Z,2027-04-12 16:09 PDT,-1.44
9449424,2027-04-14T00:12Z,2027-04-13 17:12 PDT,-0.97
9449424,2027-04-15T01:19Z,2027-04-14 18:19 PDT,-0.36
9449424,2027-04-20T18:53Z,2027-04-20 11:53 PDT,-0.49
9449424,2027-04-21T19:27Z,2027-04-21 12:27 PDT,-1.16
9449424,2027-04-22T20:01Z,2027-04-22 13:01 PDT,-1.49
9449424,2027-04-23T20:36Z,2027-04-23 13:36 PDT,-1.52
9449424,2027-04-24T21:13Z,2027-04-24 14:13 PDT,-1.28
9449424,2027-04-25T21:53Z,2027-04-25 14:53 PDT,-0.85
9449424,2027-04-26T22:37Z,2027-04-26 15:37 PDT,-0.30
9449424,2027-05-05T18:21Z,2027-05-05 11:21 PDT,-0.96
9449424,2027-05-06T18:56Z,2027-05-06 11:56 PDT,-1.88
9449424,2027-05-07T19:35Z,2027-05-07 12:35 PDT,-2.53
9449424,2027-05-08T20:18Z,2027-05-08 13:18 PDT,-2.85
9449424,2027-05-09T21:04Z,2027-05-09 14:04 PDT,-2.82
9449424,2027-05-10T21:55Z,2027-05-10 14:55 PDT,-2.43
9449424,2027-05-11T22:48Z,2027-05-11 15:48 PDT,-1.71
9449424,2027-05-12T23:45Z,2027-05-12 16:45 PDT,-0.71
9449424,2027-05-17T17:17Z,2027-05-17 10:17 PDT,-0.23
9449424,2027-05-18T17:51Z,2027-05-18 10:51 PDT,-1.16
9449424,2027-05-19T18:25Z,2027-05-19 11:25 PDT,-1.76
9449424,2027-05-20T18:58Z,2027-05-20 11:58 PDT,-2.05
9449424,2027-05-21T19:31Z,2027-05-21 12:31 PDT,-2.07
9449424,2027-05-22T20:06Z,2027-05-22 13:06 PDT,-1.89
9449424,2027-05-23T20:43Z,2027-05-23 13:43 PDT,-1.55
9449424,2027-05-24T21:22Z,2027-05-24 14:22 PDT,-1.09
9449424,2027-05-25T22:01Z,2027-05-25 15:01 PDT,-0.51
9449424,2027-06-01T16:39Z,2027-06-01 09:39 PDT,-0.15
9449424,2027-06-02T17:13Z,2027-06-02 10:13 PDT,-1.32
9449424,2027-06-03T17:50Z,2027-06-03 10:50 PDT,-2.32
9449424,2027-06-04T18:31Z,2027-06-04 11:31 PDT,-3.06
9449424,2027-06-05T19:15Z,2027-06-05 12:15 PDT,-3.47
9449424,2027-06-06T20:02Z,2027-06-06 13:02 PDT,-3.52
9449424,2027-06-07T20:50Z,2027-06-07 13:50 PDT,-3.17
9449424,2027-06-08T21:38Z,2027-06-08 14:38 PDT,-2.42
9449424,2027-06-09T22:27Z,2027-06-09 15:27 PDT,-1.28
9449424,2027-06-14T16:09Z,2027-06-14 09:09 PDT,-0.34
9449424,2027-06-15T16:48Z,2027-06-15 09:48 PDT,-1.19
9449424,2027-06-16T17:25Z,2027-06-16 10:25 PDT,-1.72
9449424,2027-06-17T18:00Z,2027-06-17 11:00 PDT,-1.97
9449424,2027-06-18T18:36Z,2027-06-18 11:36 PDT,-2.02
9449424,2027-06-19T19:11Z,2027-06-19 12:11 PDT,-1.93
9449424,2027-06-20T19:46Z,2027-06-20 12:46 PDT,-1.72
9449424,2027-06-21T20:21Z,2027-06-21 13:21 PDT,-1.40
9449424,2027-06-22T20:56Z,2027-06-22 13:56 PDT,-0.94
9449424,2027-06-23T21:30Z,2027-06-23 14:30 PDT,-0.30
9449424,2027-06-30T15:58Z,2027-06-30 08:58 PDT,-0.98
9449424,2027-07-01T16:41Z,2027-07-01 09:41 PDT,-2.01
9449424,2027-07-02T17:27Z,2027-07-02 10:27 PDT,-2.82
9449424,2027-07-03T18:14Z,2027-07-03 11:14 PDT,-3.36
9449424,2027-07-04T19:01Z,2027-07-04 12:01 PDT,-3.55
9449424,2027-07-05T19:48Z,2027-07-05 12:48 PDT,-3.31
9449424,2027-07-06T20:34Z,2027-07-06 13:34 PDT,-2.63
9449424,2027-07-07T21:19Z,2027-07-07 14:19 PDT,-1.51
9449424,2027-07-08T22:03Z,2027-07-08 15:03 PDT,-0.03
9449424,2027-07-13T15:32Z,2027-07-13 08:32 PDT,-0.67
9449424,2027-07-14T16:18Z,2027-07-14 09:18 PDT,-1.11
9449424,2027-07-15T17:00Z,2027-07-15 10:00 PDT,-1.34
9449424,2027-07-16T17:41Z,2027-07-16 10:41 PDT,-1.43
9449424,2027-07-17T18:18Z,2027-07-17 11:18 PDT,-1.42
9449424,2027-07-18T18:54Z,2027-07-18 11:54 PDT,-1.32
9449424,2027-07-19T19:27Z,2027-07-19 12:27 PDT,-1.11
9449424,2027-07-20T20:00Z,2027-07-20 13:00 PDT,-0.76
9449424,2027-07-21T20:31Z,2027-07-21 13:31 PDT,-0.21
9449424,2027-07-28T14:28Z,2027-07-28 07:28 PDT,-0.34
9449424,2027-07-29T15:23Z,2027-07-29 08:23 PDT,-1.22
9449424,2027-07-30T16:17Z,2027-07-30 09:17 PDT,-1.99
9449424,2027-07-31T17:09Z,2027-07-31 10:09 PDT,-2.57
9449424,2027-08-01T17:59Z,2027-08-01 10:59 PDT,-2.84
9449424,2027-08-02T18:46Z,2027-08-02 11:46 PDT,-2.70
9449424,2027-08-03T19:32Z,2027-08-03 12:32 PDT,-2.11
9449424,2027-08-04T20:15Z,2027-08-04 13:15 PDT,-1.08
9449424,2027-08-10T13:52Z,2027-08-10 06:52 PDT,-0.05
9449424,2027-08-11T14:50Z,2027-08-11 07:50 PDT,-0.24
9449424,2027-08-12T15:45Z,2027-08-12 08:45 PDT,-0.37
9449424,2027-08-13T16:36Z,2027-08-13 09:36 PDT,-0.46
9449424,2027-08-14T17:20Z,2027-08-14 10:20 PDT,-0.50
9449424,2027-08-15T17:58Z,2027-08-15 10:58 PDT,-0.46
9449424,2027-08-16T18:33Z,2027-08-16 11:33 PDT,-0.30
9449424,2027-08-26T13:47Z,2027-08-26 06:47 PDT,-0.53
9449424,2027-08-27T14:53Z,2027-08-27 07:53 PDT,-1.00
9449424,2027-08-28T15:55Z,2027-08-28 08:55 PDT,-1.40
9449424,2027-08-29T16:50Z,2027-08-29 09:50 PDT,-1.59
9449424,2027-08-30T17:40Z,2027-08-30 10:40 PDT,-1.43
9449424,2027-08-31T18:27Z,2027-08-31 11:27 PDT,-0.87
9449424,2027-09-25T14:23Z,2027-09-25 07:23 PDT,-0.38
9449424,2027-09-26T15:28Z,2027-09-26 08:28 PDT,-0.21
9444900,2027-02-15T00:01Z,2027-02-14 16:01 PST,-0.21
9444900,2027-02-16T01:04Z,2027-02-15 17:04 PST,-0.78
9444900,2027-03-12T20:38Z,2027-03-12 12:38 PST,-0.01
9444900,2027-03-13T21:26Z,2027-03-13 13:26 PST,-0.48
9444900,2027-03-14T22:21Z,2027-03-14 15:21 PDT,-0.71
9444900,2027-03-15T23:24Z,2027-03-15 16:24 PDT,-0.77
9444900,2027-03-17T00:33Z,2027-03-16 17:33 PDT,-0.74
9444900,2027-03-18T01:42Z,2027-03-17 18:42 PDT,-0.68
9444900,2027-03-24T19:10Z,2027-03-24 12:10 PDT,-0.02
9444900,2027-03-25T19:51Z,2027-03-25 12:51 PDT,-0.44
9444900,2027-03-26T20:34Z,2027-03-26 13:34 PDT,-0.52
9444900,2027-03-27T21:19Z,2027-03-27 14:19 PDT,-0.32
9444900,2027-04-08T18:41Z,2027-04-08 11:41 PDT,-0.83
9444900,2027-04-09T19:21Z,2027-04-09 12:21 PDT,-1.46
9444900,2027-04-10T20:06Z,2027-04-10 13:06 PDT,-1.78
9444900,2027-04-11T20:57Z,2027-04-11 13:57 PDT,-1.78
9444900,2027-04-12T21:54Z,2027-04-12 14:54 PDT,-1.49
9444900,2027-04-13T22:56Z,2027-04-13 15:56 PDT,-0.99
9444900,2027-04-15T00:03Z,2027-04-14 17:03 PDT,-0.38
9444900,2027-04-20T17:26Z,2027-04-20 10:26 PDT,-0.42
9444900,2027-04-21T18:00Z,2027-04-21 11:00 PDT,-1.14
9444900,2027-04-22T18:36Z,2027-04-22 11:36 PDT,-1.51
9444900,2027-04-23T19:14Z,2027-04-23 12:14 PDT,-1.55
9444900,2027-04-24T19:55Z,2027-04-24 12:55 PDT,-1.31
9444900,2027-04-25T20:39Z,2027-04-25 13:39 PDT,-0.86
9444900,2027-04-26T21:27Z,2027-04-26 14:27 PDT,-0.28
9444900,2027-05-05T16:58Z,2027-05-05 09:58 PDT,-1.00
9444900,2027-05-06T17:34Z,2027-05-06 10:34 PDT,-1.97
9444900,2027-05-07T18:13Z,2027-05-07 11:13 PDT,-2.64
9444900,2027-05-08T18:57Z,2027-05-08 11:57 PDT,-2.95
9444900,2027-05-09T19:45Z,2027-05-09 12:45 PDT,-2.89
9444900,2027-05-10T20:37Z,2027-05-10 13:37 PDT,-2.47
9444900,2027-05-11T21:33Z,2027-05-11 14:33 PDT,-1.75
9444900,2027-05-12T22:30Z,2027-05-12 15:30 PDT,-0.78
9444900,2027-05-17T15:57Z,2027-05-17 08:57 PDT,-0.07
9444900,2027-05-18T16:29Z,2027-05-18 09:29 PDT,-1.03
9444900,2027-05-19T17:01Z,2027-05-19 10:01 PDT,-1.69
9444900,2027-05-20T17:34Z,2027-05-20 10:34 PDT,-2.04
9444900,2027-05-21T18:09Z,2027-05-21 11:09 PDT,-2.10
9444900,2027-05-22T18:46Z,2027-05-22 11:46 PDT,-1.93
9444900,2027-05-23T19:26Z,2027-05-23 12:26 PDT,-1.57
9444900,2027-05-24T20:09Z,2027-05-24 13:09 PDT,-1.08
9444900,2027-05-25T20:53Z,2027-05-25 13:53 PDT,-0.48
9444900,2027-06-01T15:19Z,2027-06-01 08:19 PDT,-0.12
9444900,2027-06-02T15:52Z,2027-06-02 08:52 PDT,-1.35
9444900,2027-06-03T16:29Z,2027-06-03 09:29 PDT,-2.40
9444900,2027-06-04T17:10Z,2027-06-04 10:10 PDT,-3.16
9444900,2027-06-05T17:54Z,2027-06-05 10:54 PDT,-3.57
9444900,2027-06-06T18:41Z,2027-06-06 11:41 PDT,-3.59
9444900,2027-06-07T19:30Z,2027-06-07 12:30 PDT,-3.21
9444900,2027-06-08T20:21Z,2027-06-08 13:21 PDT,-2.46
9444900,2027-06-09T21:12Z,2027-06-09 14:12 PDT,-1.36
9444900,2027-06-14T14:55Z,2027-06-14 07:55 PDT,-0.19
9444900,2027-06-15T15:31Z,2027-06-15 08:31 PDT,-1.04
9444900,2027-06-16T16:05Z,2027-06-16 09:05 PDT,-1.61
9444900,2027-06-17T16:39Z,2027-06-17 09:39 PDT,-1.92
9444900,2027-06-18T17:13Z,2027-06-18 10:13 PDT,-2.01
9444900,2027-06-19T17:50Z,2027-06-19 10:50 PDT,-1.94
9444900,2027-06-20T18:27Z,2027-06-20 11:27 PDT,-1.73
9444900,2027-06-21T19:05Z,2027-06-21 12:05 PDT,-1.40
9444900,2027-06-22T19:44Z,2027-06-22 12:44 PDT,-0.94
9444900,2027-06-23T20:22Z,2027-06-23 13:22 PDT,-0.33
9444900,2027-06-30T14:39Z,2027-06-30 07:39 PDT,-1.03
9444900,2027-07-01T15:22Z,2027-07-01 08:22 PDT,-2.08
9444900,2027-07-02T16:07Z,2027-07-02 09:07 PDT,-2.91
9444900,2027-07-03T16:53Z,2027-07-03 09:53 PDT,-3.44
9444900,2027-07-04T17:40Z,2027-07-04 10:40 PDT,-3.60
9444900,2027-07-05T18:27Z,2027-07-05 11:27 PDT,-3.35
9444900,2027-07-06T19:15Z,2027-07-06 12:15 PDT,-2.68
9444900,2027-07-07T20:01Z,2027-07-07 13:01 PDT,-1.61
9444900,2027-07-08T20:48Z,2027-07-08 13:48 PDT,-0.22
9444900,2027-07-13T14:18Z,2027-07-13 07:18 PDT,-0.59
9444900,2027-07-14T15:02Z,2027-07-14 08:02 PDT,-1.03
9444900,2027-07-15T15:43Z,2027-07-15 08:43 PDT,-1.27
9444900,2027-07-16T16:22Z,2027-07-16 09:22 PDT,-1.38
9444900,2027-07-17T16:59Z,2027-07-17 09:59 PDT,-1.38
9444900,2027-07-18T17:35Z,2027-07-18 10:35 PDT,-1.30
9444900,2027-07-19T18:10Z,2027-07-19 11:10 PDT,-1.11
9444900,2027-07-20T18:45Z,2027-07-20 11:45 PDT,-0.78
9444900,2027-07-21T19:18Z,2027-07-21 12:18 PDT,-0.27
9444900,2027-07-28T13:11Z,2027-07-28 06:11 PDT,-0.45
9444900,2027-07-29T14:04Z,2027-07-29 07:04 PDT,-1.32
9444900,2027-07-30T14:58Z,2027-07-30 07:58 PDT,-2.07
9444900,2027-07-31T15:49Z,2027-07-31 08:49 PDT,-2.62
9444900,2027-08-01T16:38Z,2027-08-01 09:38 PDT,-2.87
9444900,2027-08-02T17:25Z,2027-08-02 10:25 PDT,-2.73
9444900,2027-08-03T18:10Z,2027-08-03 11:10 PDT,-2.17
9444900,2027-08-04T18:55Z,2027-08-04 11:55 PDT,-1.20
9444900,2027-08-11T13:34Z,2027-08-11 06:34 PDT,-0.24
9444900,2027-08-12T14:31Z,2027-08-12 07:31 PDT,-0.34
9444900,2027-08-13T15:21Z,2027-08-13 08:21 PDT,-0.41
9444900,2027-08-14T16:04Z,2027-08-14 09:04 PDT,-0.44
9444900,2027-08-15T16:42Z,2027-08-15 09:42 PDT,-0.41
9444900,2027-08-16T17:16Z,2027-08-16 10:16 PDT,-0.28
9444900,2027-08-27T13:35Z,2027-08-27 06:35 PDT,-1.10
9444900,2027-08-28T14:36Z,2027-08-28 07:36 PDT,-1.45
9444900,2027-08-29T15:31Z,2027-08-29 08:31 PDT,-1.61
9444900,2027-08-30T16:20Z,2027-08-30 09:20 PDT,-1.46
9444900,2027-08-31T17:05Z,2027-08-31 10:05 PDT,-0.94
9444900,2027-09-01T17:49Z,2027-09-01 10:49 PDT,-0.06
9444900,2027-09-26T14:10Z,2027-09-26 07:10 PDT,-0.27
9445958,2027-03-13T22:38Z,2027-03-13 14:38 PST,-0.14
9445958,2027-03-14T23:32Z,2027-03-14 16:32 PDT,-0.27
9445958,2027-03-16T00:35Z,2027-03-15 17:35 PDT,-0.28
9445958,2027-03-17T01:44Z,2027-03-16 18:44 PDT,-0.32
9445958,2027-03-24T20:23Z,2027-03-24 13:23 PDT,-0.29
9445958,2027-03-25T21:02Z,2027-03-25 14:02 PDT,-0.58
9445958,2027-03-26T21:42Z,2027-03-26 14:42 PDT,-0.51
9445958,2027-03-27T22:25Z,2027-03-27 15:25 PDT,-0.13
9445958,2027-04-08T20:00Z,2027-04-08 13:00 PDT,-0.80
9445958,2027-04-09T20:40Z,2027-04-09 13:40 PDT,-1.39
9445958,2027-04-10T21:24Z,2027-04-10 14:24 PDT,-1.66
9445958,2027-04-11T22:13Z,2027-04-11 15:13 PDT,-1.60
9445958,2027-04-12T23:08Z,2027-04-12 16:08 PDT,-1.25
9445958,2027-04-14T00:10Z,2027-04-13 17:10 PDT,-0.72
9445958,2027-04-15T01:17Z,2027-04-14 18:17 PDT,-0.12
9445958,2027-04-20T18:40Z,2027-04-20 11:40 PDT,-0.68
9445958,2027-04-21T19:15Z,2027-04-21 12:15 PDT,-1.35
9445958,2027-04-22T19:51Z,2027-04-22 12:51 PDT,-1.65
9445958,2027-04-23T20:28Z,2027-04-23 13:28 PDT,-1.61
9445958,2027-04-24T21:07Z,2027-04-24 14:07 PDT,-1.30
9445958,2027-04-25T21:49Z,2027-04-25 14:49 PDT,-0.77
9445958,2027-04-26T22:35Z,2027-04-26 15:35 PDT,-0.10
9445958,2027-05-05T18:16Z,2027-05-05 11:16 PDT,-0.95
9445958,2027-05-06T18:54Z,2027-05-06 11:54 PDT,-1.92
9445958,2027-05-07T19:34Z,2027-05-07 12:34 PDT,-2.62
9445958,2027-05-08T20:17Z,2027-05-08 13:17 PDT,-2.97
9445958,2027-05-09T21:04Z,2027-05-09 14:04 PDT,-2.94
9445958,2027-05-10T21:55Z,2027-05-10 14:55 PDT,-2.53
9445958,2027-05-11T22:49Z,2027-05-11 15:49 PDT,-1.75
9445958,2027-05-12T23:46Z,2027-05-12 16:46 PDT,-0.68
9445958,2027-05-17T17:00Z,2027-05-17 10:00 PDT,-0.15
9445958,2027-05-18T17:38Z,2027-05-18 10:38 PDT,-1.16
9445958,2027-05-19T18:13Z,2027-05-19 11:13 PDT,-1.80
9445958,2027-05-20T18:49Z,2027-05-20 11:49 PDT,-2.11
9445958,2027-05-21T19:24Z,2027-05-21 12:24 PDT,-2.14
9445958,2027-05-22T20:01Z,2027-05-22 13:01 PDT,-1.97
9445958,2027-05-23T20:40Z,2027-05-23 13:40 PDT,-1.63
9445958,2027-05-24T21:20Z,2027-05-24 14:20 PDT,-1.13
9445958,2027-05-25T22:03Z,2027-05-25 15:03 PDT,-0.47
9445958,2027-06-02T17:06Z,2027-06-02 10:06 PDT,-1.16
9445958,2027-06-03T17:47Z,2027-06-03 10:47 PDT,-2.27
9445958,2027-06-04T18:29Z,2027-06-04 11:29 PDT,-3.13
9445958,2027-06-05T19:14Z,2027-06-05 12:14 PDT,-3.66
9445958,2027-06-06T20:01Z,2027-06-06 13:01 PDT,-3.80
9445958,2027-06-07T20:49Z,2027-06-07 13:49 PDT,-3.50
9445958,2027-06-08T21:38Z,2027-06-08 14:38 PDT,-2.73
9445958,2027-06-09T22:28Z,2027-06-09 15:28 PDT,-1.51
9445958,2027-06-14T15:48Z,2027-06-14 08:48 PDT,-0.02
9445958,2027-06-15T16:32Z,2027-06-15 09:32 PDT,-0.94
9445958,2027-06-16T17:12Z,2027-06-16 10:12 PDT,-1.54
9445958,2027-06-17T17:50Z,2027-06-17 10:50 PDT,-1.87
9445958,2027-06-18T18:27Z,2027-06-18 11:27 PDT,-1.99
9445958,2027-06-19T19:04Z,2027-06-19 12:04 PDT,-1.97
9445958,2027-06-20T19:41Z,2027-06-20 12:41 PDT,-1.83
9445958,2027-06-21T20:18Z,2027-06-21 13:18 PDT,-1.56
9445958,2027-06-22T20:56Z,2027-06-22 13:56 PDT,-1.09
9445958,2027-06-23T21:33Z,2027-06-23 14:33 PDT,-0.39
9445958,2027-06-30T15:48Z,2027-06-30 08:48 PDT,-0.63
9445958,2027-07-01T16:35Z,2027-07-01 09:35 PDT,-1.81
9445958,2027-07-02T17:23Z,2027-07-02 10:23 PDT,-2.80
9445958,2027-07-03T18:11Z,2027-07-03 11:11 PDT,-3.53
9445958,2027-07-04T18:58Z,2027-07-04 11:58 PDT,-3.88
9445958,2027-07-05T19:45Z,2027-07-05 12:45 PDT,-3.77
9445958,2027-07-06T20:32Z,2027-07-06 13:32 PDT,-3.13
9445958,2027-07-07T21:18Z,2027-07-07 14:18 PDT,-1.96
9445958,2027-07-08T22:04Z,2027-07-08 15:04 PDT,-0.32
9445958,2027-07-13T15:12Z,2027-07-13 08:12 PDT,-0.21
9445958,2027-07-14T16:03Z,2027-07-14 09:03 PDT,-0.71
9445958,2027-07-15T16:48Z,2027-07-15 09:48 PDT,-1.05
9445958,2027-07-16T17:30Z,2027-07-16 10:30 PDT,-1.26
9445958,2027-07-17T18:09Z,2027-07-17 11:09 PDT,-1.39
9445958,2027-07-18T18:45Z,2027-07-18 11:45 PDT,-1.41
9445958,2027-07-19T19:21Z,2027-07-19 12:21 PDT,-1.30
9445958,2027-07-20T19:56Z,2027-07-20 12:56 PDT,-0.99
9445958,2027-07-21T20:30Z,2027-07-21 13:30 PDT,-0.42
9445958,2027-07-29T15:14Z,2027-07-29 08:14 PDT,-0.86
9445958,2027-07-30T16:10Z,2027-07-30 09:10 PDT,-1.83
9445958,2027-07-31T17:03Z,2027-07-31 10:03 PDT,-2.64
9445958,2027-08-01T17:54Z,2027-08-01 10:54 PDT,-3.14
9445958,2027-08-02T18:41Z,2027-08-02 11:41 PDT,-3.18
9445958,2027-08-03T19:27Z,2027-08-03 12:27 PDT,-2.68
9445958,2027-08-04T20:12Z,2027-08-04 13:12 PDT,-1.65
9445958,2027-08-05T20:56Z,2027-08-05 13:56 PDT,-0.15
9445958,2027-08-13T16:23Z,2027-08-13 09:23 PDT,-0.13
9445958,2027-08-14T17:08Z,2027-08-14 10:08 PDT,-0.35
9445958,2027-08-15T17:48Z,2027-08-15 10:48 PDT,-0.47
9445958,2027-08-16T18:24Z,2027-08-16 11:24 PDT,-0.44
9445958,2027-08-17T18:58Z,2027-08-17 11:58 PDT,-0.20
9445958,2027-08-26T13:41Z,2027-08-26 06:41 PDT,-0.11
9445958,2027-08-27T14:46Z,2027-08-27 07:46 PDT,-0.72
9445958,2027-08-28T15:48Z,2027-08-28 08:48 PDT,-1.34
9445958,2027-08-29T16:44Z,2027-08-29 09:44 PDT,-1.78
9445958,2027-08-30T17:35Z,2027-08-30 10:35 PDT,-1.83
9445958,2027-08-31T18:22Z,2027-08-31 11:22 PDT,-1.40
9445958,2027-09-01T19:06Z,2027-09-01 12:06 PDT,-0.48
9445958,2027-09-25T14:18Z,2027-09-25 07:18 PDT,-0.23
9445958,2027-09-26T15:23Z,2027-09-26 08:23 PDT,-0.26
9445958,2027-09-27T16:20Z,2027-09-27 09:20 PDT,-0.07
9447130,2027-03-12T21:31Z,2027-03-12 13:31 PST,-0.11
9447130,2027-03-13T22:18Z,2027-03-13 14:18 PST,-0.47
9447130,2027-03-14T23:12Z,2027-03-14 16:12 PDT,-0.55
9447130,2027-03-16T00:15Z,2027-03-15 17:15 PDT,-0.48
9447130,2027-03-17T01:24Z,2027-03-16 18:24 PDT,-0.41
9447130,2027-03-24T20:07Z,2027-03-24 13:07 PDT,-0.31
9447130,2027-03-25T20:45Z,2027-03-25 13:45 PDT,-0.65
9447130,2027-03-26T21:26Z,2027-03-26 14:26 PDT,-0.62
9447130,2027-03-27T22:09Z,2027-03-27 15:09 PDT,-0.26
9447130,2027-04-07T19:03Z,2027-04-07 12:03 PDT,-0.09
9447130,2027-04-08T19:38Z,2027-04-08 12:38 PDT,-1.03
9447130,2027-04-09T20:18Z,2027-04-09 13:18 PDT,-1.66
9447130,2027-04-10T21:02Z,2027-04-10 14:02 PDT,-1.92
9447130,2027-04-11T21:52Z,2027-04-11 14:52 PDT,-1.80
9447130,2027-04-12T22:47Z,2027-04-12 15:47 PDT,-1.37
9447130,2027-04-13T23:50Z,2027-04-13 16:50 PDT,-0.73
9447130,2027-04-15T00:58Z,2027-04-14 17:58 PDT,-0.05
9447130,2027-04-20T18:25Z,2027-04-20 11:25 PDT,-0.72
9447130,2027-04-21T18:59Z,2027-04-21 11:59 PDT,-1.43
9447130,2027-04-22T19:34Z,2027-04-22 12:34 PDT,-1.76
9447130,2027-04-23T20:10Z,2027-04-23 13:10 PDT,-1.73
9447130,2027-04-24T20:49Z,2027-04-24 13:49 PDT,-1.40
9447130,2027-04-25T21:31Z,2027-04-25 14:31 PDT,-0.84
9447130,2027-04-26T22:18Z,2027-04-26 15:18 PDT,-0.12
9447130,2027-05-05T17:55Z,2027-05-05 10:55 PDT,-1.10
9447130,2027-05-06T18:31Z,2027-05-06 11:31 PDT,-2.14
9447130,2027-05-07T19:11Z,2027-05-07 12:11 PDT,-2.86
9447130,2027-05-08T19:55Z,2027-05-08 12:55 PDT,-3.18
9447130,2027-05-09T20:42Z,2027-05-09 13:42 PDT,-3.08
9447130,2027-05-10T21:33Z,2027-05-10 14:33 PDT,-2.57
9447130,2027-05-11T22:28Z,2027-05-11 15:28 PDT,-1.70
9447130,2027-05-12T23:27Z,2027-05-12 16:27 PDT,-0.57
9447130,2027-05-17T16:48Z,2027-05-17 09:48 PDT,-0.23
9447130,2027-05-18T17:23Z,2027-05-18 10:23 PDT,-1.25
9447130,2027-05-19T17:57Z,2027-05-19 10:57 PDT,-1.92
9447130,2027-05-20T18:31Z,2027-05-20 11:31 PDT,-2.25
9447130,2027-05-21T19:06Z,2027-05-21 12:06 PDT,-2.28
9447130,2027-05-22T19:43Z,2027-05-22 12:43 PDT,-2.08
9447130,2027-05-23T20:21Z,2027-05-23 13:21 PDT,-1.68
9447130,2027-05-24T21:02Z,2027-05-24 14:02 PDT,-1.13
9447130,2027-05-25T21:45Z,2027-05-25 14:45 PDT,-0.43
9447130,2027-06-02T16:45Z,2027-06-02 09:45 PDT,-1.33
9447130,2027-06-03T17:24Z,2027-06-03 10:24 PDT,-2.48
9447130,2027-06-04T18:07Z,2027-06-04 11:07 PDT,-3.34
9447130,2027-06-05T18:51Z,2027-06-05 11:51 PDT,-3.83
9447130,2027-06-06T19:38Z,2027-06-06 12:38 PDT,-3.89
9447130,2027-06-07T20:27Z,2027-06-07 13:27 PDT,-3.50
9447130,2027-06-08T21:17Z,2027-06-08 14:17 PDT,-2.66
9447130,2027-06-09T22:08Z,2027-06-09 15:08 PDT,-1.39
9447130,2027-06-14T15:37Z,2027-06-14 08:37 PDT,-0.15
9447130,2027-06-15T16:19Z,2027-06-15 09:19 PDT,-1.09
9447130,2027-06-16T16:57Z,2027-06-16 09:57 PDT,-1.71
9447130,2027-06-17T17:34Z,2027-06-17 10:34 PDT,-2.04
9447130,2027-06-18T18:09Z,2027-06-18 11:09 PDT,-2.14
9447130,2027-06-19T18:46Z,2027-06-19 11:46 PDT,-2.08
9447130,2027-06-20T19:22Z,2027-06-20 12:22 PDT,-1.89
9447130,2027-06-21T20:00Z,2027-06-21 13:00 PDT,-1.56
9447130,2027-06-22T20:37Z,2027-06-22 13:37 PDT,-1.06
9447130,2027-06-23T21:15Z,2027-06-23 14:15 PDT,-0.35
9447130,2027-06-30T15:27Z,2027-06-30 08:27 PDT,-0.83
9447130,2027-07-01T16:14Z,2027-07-01 09:14 PDT,-2.01
9447130,2027-07-02T17:01Z,2027-07-02 10:01 PDT,-2.98
9447130,2027-07-03T17:48Z,2027-07-03 10:48 PDT,-3.65
9447130,2027-07-04T18:36Z,2027-07-04 11:36 PDT,-3.92
9447130,2027-07-05T19:24Z,2027-07-05 12:24 PDT,-3.74
9447130,2027-07-06T20:11Z,2027-07-06 13:11 PDT,-3.06
9447130,2027-07-07T20:58Z,2027-07-07 13:58 PDT,-1.87
9447130,2027-07-08T21:46Z,2027-07-08 14:46 PDT,-0.25
9447130,2027-07-13T15:00Z,2027-07-13 08:00 PDT,-0.40
9447130,2027-07-14T15:49Z,2027-07-14 08:49 PDT,-0.90
9447130,2027-07-15T16:33Z,2027-07-15 09:33 PDT,-1.23
9447130,2027-07-16T17:14Z,2027-07-16 10:14 PDT,-1.41
9447130,2027-07-17T17:52Z,2027-07-17 10:52 PDT,-1.48
9447130,2027-07-18T18:29Z,2027-07-18 11:29 PDT,-1.45
9447130,2027-07-19T19:04Z,2027-07-19 12:04 PDT,-1.30
9447130,2027-07-20T19:38Z,2027-07-20 12:38 PDT,-0.97
9447130,2027-07-21T20:12Z,2027-07-21 13:12 PDT,-0.41
9447130,2027-07-28T13:55Z,2027-07-28 06:55 PDT,-0.11
9447130,2027-07-29T14:53Z,2027-07-29 07:53 PDT,-1.06
9447130,2027-07-30T15:49Z,2027-07-30 08:49 PDT,-1.96
9447130,2027-07-31T16:42Z,2027-07-31 09:42 PDT,-2.69
9447130,2027-08-01T17:33Z,2027-08-01 10:33 PDT,-3.12
9447130,2027-08-02T18:21Z,2027-08-02 11:21 PDT,-3.12
9447130,2027-08-03T19:07Z,2027-08-03 12:07 PDT,-2.61
9447130,2027-08-04T19:53Z,2027-08-04 12:53 PDT,-1.58
9447130,2027-08-05T20:37Z,2027-08-05 13:37 PDT,-0.12
9447130,2027-08-12T15:17Z,2027-08-12 08:17 PDT,-0.06
9447130,2027-08-13T16:09Z,2027-08-13 09:09 PDT,-0.25
9447130,2027-08-14T16:54Z,2027-08-14 09:54 PDT,-0.41
9447130,2027-08-15T17:34Z,2027-08-15 10:34 PDT,-0.49
9447130,2027-08-16T18:09Z,2027-08-16 11:09 PDT,-0.42
9447130,2027-08-17T18:42Z,2027-08-17 11:42 PDT,-0.17
9447130,2027-08-27T14:24Z,2027-08-27 07:24 PDT,-0.81
9447130,2027-08-28T15:28Z,2027-08-28 08:28 PDT,-1.32
9447130,2027-08-29T16:24Z,2027-08-29 09:24 PDT,-1.69
9447130,2027-08-30T17:16Z,2027-08-30 10:16 PDT,-1.72
9447130,2027-08-31T18:03Z,2027-08-31 11:03 PDT,-1.30
9447130,2027-09-01T18:48Z,2027-09-01 11:48 PDT,-0.42
9447130,2027-09-26T15:04Z,2027-09-26 08:04 PDT,-0.11
9446484,2027-03-12T21:31Z,2027-03-12 13:31 PST,-0.13
9446484,2027-03-13T22:17Z,2027-03-13 14:17 PST,-0.48
9446484,2027-03-14T23:11Z,2027-03-14 16:11 PDT,-0.56
9446484,2027-03-16T00:14Z,2027-03-15 17:14 PDT,-0.48
9446484,2027-03-17T01:25Z,2027-03-16 18:25 PDT,-0.41
9446484,2027-03-24T20:11Z,2027-03-24 13:11 PDT,-0.39
9446484,2027-03-25T20:49Z,2027-03-25 13:49 PDT,-0.69
9446484,2027-03-26T21:29Z,2027-03-26 14:29 PDT,-0.61
9446484,2027-03-27T22:12Z,2027-03-27 15:12 PDT,-0.22
9446484,2027-04-07T19:05Z,2027-04-07 12:05 PDT,-0.13
9446484,2027-04-08T19:40Z,2027-04-08 12:40 PDT,-1.06
9446484,2027-04-09T20:19Z,2027-04-09 13:19 PDT,-1.70
9446484,2027-04-10T21:02Z,2027-04-10 14:02 PDT,-1.97
9446484,2027-04-11T21:51Z,2027-04-11 14:51 PDT,-1.86
9446484,2027-04-12T22:47Z,2027-04-12 15:47 PDT,-1.41
9446484,2027-04-13T23:50Z,2027-04-13 16:50 PDT,-0.77
9446484,2027-04-15T00:59Z,2027-04-14 17:59 PDT,-0.08
9446484,2027-04-20T18:28Z,2027-04-20 11:28 PDT,-0.82
9446484,2027-04-21T19:03Z,2027-04-21 12:03 PDT,-1.49
9446484,2027-04-22T19:37Z,2027-04-22 12:37 PDT,-1.78
9446484,2027-04-23T20:14Z,2027-04-23 13:14 PDT,-1.73
9446484,2027-04-24T20:52Z,2027-04-24 13:52 PDT,-1.39
9446484,2027-04-25T21:34Z,2027-04-25 14:34 PDT,-0.81
9446484,2027-04-26T22:20Z,2027-04-26 15:20 PDT,-0.09
9446484,2027-05-05T17:58Z,2027-05-05 10:58 PDT,-1.12
9446484,2027-05-06T18:33Z,2027-05-06 11:33 PDT,-2.17
9446484,2027-05-07T19:13Z,2027-05-07 12:13 PDT,-2.91
9446484,2027-05-08T19:56Z,2027-05-08 12:56 PDT,-3.25
9446484,2027-05-09T20:43Z,2027-05-09 13:43 PDT,-3.16
9446484,2027-05-10T21:34Z,2027-05-10 14:34 PDT,-2.66
9446484,2027-05-11T22:29Z,2027-05-11 15:29 PDT,-1.79
9446484,2027-05-12T23:28Z,2027-05-12 16:28 PDT,-0.64
9446484,2027-05-17T16:51Z,2027-05-17 09:51 PDT,-0.30
9446484,2027-05-18T17:27Z,2027-05-18 10:27 PDT,-1.31
9446484,2027-05-19T18:01Z,2027-05-19 11:01 PDT,-1.95
9446484,2027-05-20T18:35Z,2027-05-20 11:35 PDT,-2.26
9446484,2027-05-21T19:10Z,2027-05-21 12:10 PDT,-2.28
9446484,2027-05-22T19:46Z,2027-05-22 12:46 PDT,-2.08
9446484,2027-05-23T20:24Z,2027-05-23 13:24 PDT,-1.69
9446484,2027-05-24T21:05Z,2027-05-24 14:05 PDT,-1.14
9446484,2027-05-25T21:47Z,2027-05-25 14:47 PDT,-0.44
9446484,2027-06-02T16:48Z,2027-06-02 09:48 PDT,-1.33
9446484,2027-06-03T17:27Z,2027-06-03 10:27 PDT,-2.50
9446484,2027-06-04T18:09Z,2027-06-04 11:09 PDT,-3.38
9446484,2027-06-05T18:53Z,2027-06-05 11:53 PDT,-3.90
9446484,2027-06-06T19:40Z,2027-06-06 12:40 PDT,-3.99
9446484,2027-06-07T20:28Z,2027-06-07 13:28 PDT,-3.62
9446484,2027-06-08T21:18Z,2027-06-08 14:18 PDT,-2.79
9446484,2027-06-09T22:10Z,2027-06-09 15:10 PDT,-1.52
9446484,2027-06-14T15:39Z,2027-06-14 08:39 PDT,-0.18
9446484,2027-06-15T16:22Z,2027-06-15 09:22 PDT,-1.11
9446484,2027-06-16T17:01Z,2027-06-16 10:01 PDT,-1.72
9446484,2027-06-17T17:38Z,2027-06-17 10:38 PDT,-2.04
9446484,2027-06-18T18:14Z,2027-06-18 11:14 PDT,-2.14
9446484,2027-06-19T18:50Z,2027-06-19 11:50 PDT,-2.09
9446484,2027-06-20T19:26Z,2027-06-20 12:26 PDT,-1.91
9446484,2027-06-21T20:03Z,2027-06-21 13:03 PDT,-1.60
9446484,2027-06-22T20:40Z,2027-06-22 13:40 PDT,-1.11
9446484,2027-06-23T21:18Z,2027-06-23 14:18 PDT,-0.40
9446484,2027-06-30T15:29Z,2027-06-30 08:29 PDT,-0.80
9446484,2027-07-01T16:16Z,2027-07-01 09:16 PDT,-2.00
9446484,2027-07-02T17:03Z,2027-07-02 10:03 PDT,-3.00
9446484,2027-07-03T17:50Z,2027-07-03 10:50 PDT,-3.71
9446484,2027-07-04T18:38Z,2027-07-04 11:38 PDT,-4.02
9446484,2027-07-05T19:26Z,2027-07-05 12:26 PDT,-3.87
9446484,2027-07-06T20:13Z,2027-07-06 13:13 PDT,-3.21
9446484,2027-07-07T21:01Z,2027-07-07 14:01 PDT,-2.03
9446484,2027-07-08T21:48Z,2027-07-08 14:48 PDT,-0.39
9446484,2027-07-13T15:03Z,2027-07-13 08:03 PDT,-0.38
9446484,2027-07-14T15:52Z,2027-07-14 08:52 PDT,-0.88
9446484,2027-07-15T16:37Z,2027-07-15 09:37 PDT,-1.21
9446484,2027-07-16T17:18Z,2027-07-16 10:18 PDT,-1.40
9446484,2027-07-17T17:57Z,2027-07-17 10:57 PDT,-1.49
9446484,2027-07-18T18:33Z,2027-07-18 11:33 PDT,-1.48
9446484,2027-07-19T19:08Z,2027-07-19 12:08 PDT,-1.34
9446484,2027-07-20T19:42Z,2027-07-20 12:42 PDT,-1.03
9446484,2027-07-21T20:16Z,2027-07-21 13:16 PDT,-0.46
9446484,2027-07-28T13:56Z,2027-07-28 06:56 PDT,-0.06
9446484,2027-07-29T14:54Z,2027-07-29 07:54 PDT,-1.03
9446484,2027-07-30T15:51Z,2027-07-30 08:51 PDT,-1.96
9446484,2027-07-31T16:45Z,2027-07-31 09:45 PDT,-2.74
9446484,2027-08-01T17:35Z,2027-08-01 10:35 PDT,-3.21
9446484,2027-08-02T18:24Z,2027-08-02 11:24 PDT,-3.25
9446484,2027-08-03T19:10Z,2027-08-03 12:10 PDT,-2.76
9446484,2027-08-04T19:55Z,2027-08-04 12:55 PDT,-1.74
9446484,2027-08-05T20:40Z,2027-08-05 13:40 PDT,-0.26
9446484,2027-08-12T15:21Z,2027-08-12 08:21 PDT,-0.02
9446484,2027-08-13T16:13Z,2027-08-13 09:13 PDT,-0.23
9446484,2027-08-14T16:59Z,2027-08-14 09:59 PDT,-0.42
9446484,2027-08-15T17:38Z,2027-08-15 10:38 PDT,-0.53
9446484,2027-08-16T18:13Z,2027-08-16 11:13 PDT,-0.48
9446484,2027-08-17T18:46Z,2027-08-17 11:46 PDT,-0.23
9446484,2027-08-27T14:26Z,2027-08-27 07:26 PDT,-0.80
9446484,2027-08-28T15:30Z,2027-08-28 08:30 PDT,-1.35
9446484,2027-08-29T16:27Z,2027-08-29 09:27 PDT,-1.76
9446484,2027-08-30T17:19Z,2027-08-30 10:19 PDT,-1.83
9446484,2027-08-31T18:06Z,2027-08-31 11:06 PDT,-1.44
9446484,2027-09-01T18:51Z,2027-09-01 11:51 PDT,-0.57
9446484,2027-09-26T15:07Z,2027-09-26 08:07 PDT,-0.17
9446484,2027-09-27T16:06Z,2027-09-27 09:06 PDT,0.00
