station,time_utc,level_ft,tide_ft,surge_ft
9443090,2026-09-30T06:00Z,-0.30,-0.48,0.18
9443090,2026-09-30T07:00Z,1.21,0.88,0.33
9443090,2026-09-30T08:00Z,3.07,2.69,0.39
9443090,2026-09-30T09:00Z,4.74,4.42,0.32
9443090,2026-09-30T10:00Z,5.89,5.62,0.27
9443090,2026-09-30T11:00Z,6.23,6.06,0.17
9443090,2026-09-30T12:00Z,5.98,5.81,0.17
9443090,2026-09-30T13:00Z,5.29,5.06,0.24
9443090,2026-09-30T14:00Z,4.25,4.07,0.19
9443090,2026-09-30T15:00Z,3.40,3.19,0.22
9443090,2026-09-30T16:00Z,3.19,2.79,0.41
9443090,2026-09-30T17:00Z,3.44,3.02,0.41
9443090,2026-09-30T18:00Z,4.26,3.84,0.42
9443090,2026-09-30T19:00Z,5.36,5.11,0.25
9443090,2026-09-30T20:00Z,6.72,6.57,0.15
9443090,2026-09-30T21:00Z,8.05,7.82,0.23
9443090,2026-09-30T22:00Z,8.51,8.44,0.07
9443090,2026-09-30T23:00Z,8.42,8.23,0.19
9443090,2026-10-01T00:00Z,7.56,7.23,0.33
9443090,2026-10-01T01:00Z,5.98,5.63,0.35
9443090,2026-10-01T02:00Z,4.02,3.68,0.34
9443090,2026-10-01T03:00Z,2.04,1.68,0.36
9443090,2026-10-01T04:00Z,0.35,0.05,0.30
9443090,2026-10-01T05:00Z,-0.67,-0.90,0.22
9443090,2026-10-01T06:00Z,-0.87,-1.04,0.18
9443090,2026-10-01T07:00Z,-0.14,-0.39,0.26
9443090,2026-10-01T08:00Z,1.30,0.94,0.36
9443090,2026-10-01T09:00Z,2.98,2.61,0.37
9443090,2026-10-01T10:00Z,4.50,4.15,0.35
9443090,2026-10-01T11:00Z,5.42,5.20,0.23
9443090,2026-10-01T12:00Z,5.74,5.58,0.15
9443090,2026-10-01T13:00Z,5.81,5.40,0.41
9443090,2026-10-01T14:00Z,5.22,4.81,0.41
9443090,2026-10-01T15:00Z,4.32,4.08,0.24
9443090,2026-10-01T16:00Z,3.85,3.52,0.34
9443090,2026-10-01T17:00Z,3.83,3.39,0.43
9443090,2026-10-01T18:00Z,4.19,3.79,0.40
9443090,2026-10-01T19:00Z,4.93,4.63,0.31
9443090,2026-10-01T20:00Z,5.97,5.77,0.20
9443090,2026-10-01T21:00Z,7.22,6.98,0.24
9443090,2026-10-01T22:00Z,8.19,7.91,0.28
9443090,2026-10-01T23:00Z,8.46,8.24,0.22
9443090,2026-10-02T00:00Z,8.16,7.85,0.31
9443090,2026-10-02T01:00Z,7.18,6.78,0.40
9443090,2026-10-02T02:00Z,5.64,5.23,0.41
9443090,2026-10-02T03:00Z,3.85,3.40,0.44
9443090,2026-10-02T04:00Z,2.00,1.59,0.42
9443090,2026-10-02T05:00Z,0.46,0.13,0.33
9443090,2026-10-02T06:00Z,-0.41,-0.71,0.29
9443090,2026-10-02T07:00Z,-0.56,-0.84,0.27
9443090,2026-10-02T08:00Z,0.06,-0.25,0.31
9443090,2026-10-02T09:00Z,1.35,0.93,0.42
9443090,2026-10-02T10:00Z,2.80,2.41,0.39
9443090,2026-10-02T11:00Z,4.10,3.79,0.31
9443090,2026-10-02T12:00Z,5.00,4.76,0.25
9443090,2026-10-02T13:00Z,5.41,5.18,0.23
9443090,2026-10-02T14:00Z,5.48,5.13,0.35
9443090,2026-10-02T15:00Z,5.10,4.77,0.33
9443090,2026-10-02T16:00Z,4.51,4.29,0.23
9443090,2026-10-02T17:00Z,4.17,3.95,0.23
9443090,2026-10-02T18:00Z,4.16,3.96,0.21
9443090,2026-10-02T19:00Z,4.55,4.35,0.20
9443090,2026-10-02T20:00Z,5.17,5.06,0.11
9443090,2026-10-02T21:00Z,6.08,5.98,0.10
9443090,2026-10-02T22:00Z,6.99,6.93,0.06
9443090,2026-10-02T23:00Z,7.67,7.63,0.04
9443090,2026-10-03T00:00Z,7.86,7.83,0.03
9443090,2026-10-03T01:00Z,7.48,7.42,0.06
9443090,2026-10-03T02:00Z,6.63,6.46,0.18
9443090,2026-10-03T03:00Z,5.28,5.08,0.20
9443090,2026-10-03T04:00Z,3.62,3.45,0.17
9443090,2026-10-03T05:00Z,1.93,1.81,0.12
9443090,2026-10-03T06:00Z,0.66,0.46,0.20
9443090,2026-10-03T07:00Z,-0.23,-0.37,0.14
9443090,2026-10-03T08:00Z,-0.47,-0.58,0.11
9443090,2026-10-03T09:00Z,0.00,-0.15,0.15
9443090,2026-10-03T10:00Z,1.06,0.85,0.21
9443090,2026-10-03T11:00Z,2.34,2.17,0.17
9443090,2026-10-03T12:00Z,3.62,3.46,0.15
9443090,2026-10-03T13:00Z,4.54,4.43,0.10
9443090,2026-10-03T14:00Z,5.01,4.96,0.04
9443090,2026-10-03T15:00Z,5.17,5.10,0.07
9443090,2026-10-03T16:00Z,5.11,4.94,0.17
9443090,2026-10-03T17:00Z,4.76,4.62,0.14
9443090,2026-10-03T18:00Z,4.52,4.36,0.16
9443090,2026-10-03T19:00Z,4.40,4.34,0.06
9443090,2026-10-03T20:00Z,4.65,4.59,0.06
9443090,2026-10-03T21:00Z,5.15,5.07,0.09
9443090,2026-10-03T22:00Z,5.80,5.74,0.06
9443090,2026-10-03T23:00Z,6.53,6.50,0.03
9443090,2026-10-04T00:00Z,7.15,7.11,0.04
9443090,2026-10-04T01:00Z,7.39,7.34,0.06
9443090,2026-10-04T02:00Z,7.21,7.07,0.14
9443090,2026-10-04T03:00Z,6.49,6.33,0.16
9443090,2026-10-04T04:00Z,5.34,5.19,0.15
9443090,2026-10-04T05:00Z,3.91,3.75,0.16
9443090,2026-10-04T06:00Z,2.39,2.22,0.18
9443090,2026-10-04T07:00Z,1.01,0.89,0.12
9443090,2026-10-04T08:00Z,0.14,-0.01,0.15
9443090,2026-10-04T09:00Z,-0.23,-0.37,0.15
9443090,2026-10-04T10:00Z,0.09,-0.11,0.20
9443090,2026-10-04T11:00Z,0.94,0.75,0.19
9443090,2026-10-04T12:00Z,2.10,2.00,0.10
9443090,2026-10-04T13:00Z,3.35,3.30,0.05
9443090,2026-10-04T14:00Z,4.46,4.35,0.11
9443090,2026-10-04T15:00Z,5.27,5.04,0.23
9443090,2026-10-04T16:00Z,5.50,5.34,0.16
9443090,2026-10-04T17:00Z,5.42,5.29,0.13
9443090,2026-10-04T18:00Z,5.04,4.99,0.05
9443090,2026-10-04T19:00Z,4.65,4.65,0.00
9443090,2026-10-04T20:00Z,4.38,4.45,-0.07
9443090,2026-10-04T21:00Z,4.42,4.44,-0.02
9443090,2026-10-04T22:00Z,4.74,4.66,0.09
9443090,2026-10-04T23:00Z,5.13,5.14,-0.01
9443090,2026-10-05T00:00Z,5.79,5.82,-0.03
9443090,2026-10-05T01:00Z,6.54,6.48,0.05
9443090,2026-10-05T02:00Z,7.01,6.88,0.13
9443090,2026-10-05T03:00Z,7.00,6.86,0.14
9443090,2026-10-05T04:00Z,6.56,6.40,0.16
9443090,2026-10-05T05:00Z,5.51,5.47,0.04
9443090,2026-10-05T06:00Z,4.23,4.14,0.09
9443090,2026-10-05T07:00Z,2.79,2.64,0.15
9443090,2026-10-05T08:00Z,1.40,1.27,0.14
9443090,2026-10-05T09:00Z,0.42,0.25,0.17
9443090,2026-10-05T10:00Z,-0.16,-0.25,0.08
9443090,2026-10-05T11:00Z,-0.08,-0.09,0.01
9443090,2026-10-05T12:00Z,0.77,0.75,0.02
9443090,2026-10-05T13:00Z,2.05,2.03,0.02
9443090,2026-10-05T14:00Z,3.43,3.42,0.01
9443090,2026-10-05T15:00Z,4.66,4.61,0.05
9443090,2026-10-05T16:00Z,5.49,5.43,0.05
9443090,2026-10-05T17:00Z,5.89,5.81,0.09
9443090,2026-10-05T18:00Z,5.76,5.71,0.05
9443090,2026-10-05T19:00Z,5.23,5.26,-0.03
9443090,2026-10-05T20:00Z,4.57,4.70,-0.13
9443090,2026-10-05T21:00Z,4.15,4.22,-0.07
9443090,2026-10-05T22:00Z,3.77,3.91,-0.14
9443090,2026-10-05T23:00Z,3.98,3.91,0.07
9443090,2026-10-06T00:00Z,4.36,4.32,0.05
9443090,2026-10-06T01:00Z,4.95,5.05,-0.10
9443090,2026-10-06T02:00Z,5.89,5.88,0.00
9443090,2026-10-06T03:00Z,6.69,6.54,0.15
9443090,2026-10-06T04:00Z,6.99,6.81,0.18
9443090,2026-10-06T05:00Z,6.78,6.57,0.20
9443090,2026-10-06T06:00Z,5.83,5.77,0.05
9443090,2026-10-06T07:00Z,4.62,4.48,0.14
9443090,2026-10-06T08:00Z,3.20,2.94,0.26
9443090,2026-10-06T09:00Z,1.59,1.50,0.09
9443090,2026-10-06T10:00Z,0.45,0.40,0.05
9443090,2026-10-06T11:00Z,0.02,-0.15,0.17
9443090,2026-10-06T12:00Z,0.09,0.04,0.06
9443090,2026-10-06T13:00Z,0.86,0.96,-0.10
9443090,2026-10-06T14:00Z,2.42,2.37,0.05
9443090,2026-10-06T15:00Z,3.91,3.90,0.01
9443090,2026-10-06T16:00Z,5.22,5.21,0.01
9443090,2026-10-06T17:00Z,6.08,6.08,0.00
9443090,2026-10-06T18:00Z,6.36,6.37,-0.01
9443090,2026-10-06T19:00Z,6.12,6.06,0.06
9443090,2026-10-06T20:00Z,5.37,5.33,0.04
9443090,2026-10-06T21:00Z,4.36,4.44,-0.09
9443090,2026-10-06T22:00Z,3.56,3.64,-0.08
9443090,2026-10-06T23:00Z,2.96,3.08,-0.12
9443090,2026-10-07T00:00Z,3.05,2.97,0.08
9443090,2026-10-07T01:00Z,3.52,3.42,0.10
9443090,2026-10-07T02:00Z,4.37,4.32,0.04
9443090,2026-10-07T03:00Z,5.54,5.42,0.12
9443090,2026-10-07T04:00Z,6.58,6.35,0.22
9443090,2026-10-07T05:00Z,7.16,6.86,0.30
9443090,2026-10-07T06:00Z,6.97,6.75,0.22
9443090,2026-10-07T07:00Z,,5.98,
9443090,2026-10-07T08:00Z,,4.65,
9443090,2026-10-07T09:00Z,,3.06,
9443090,2026-10-07T10:00Z,,1.58,
9443090,2026-10-07T11:00Z,,0.49,
9443090,2026-10-07T12:00Z,,0.02,
9443090,2026-10-07T13:00Z,,0.35,
9443090,2026-10-07T14:00Z,,1.46,
9443090,2026-10-07T15:00Z,,3.06,
9443090,2026-10-07T16:00Z,,4.73,
9443090,2026-10-07T17:00Z,,6.06,
9443090,2026-10-07T18:00Z,,6.81,
9443090,2026-10-07T19:00Z,,6.85,
9443090,2026-10-07T20:00Z,,6.21,
9443090,2026-10-07T21:00Z,,5.10,
9443090,2026-10-07T22:00Z,,3.86,
9443090,2026-10-07T23:00Z,,2.78,
9443090,2026-10-08T00:00Z,,2.08,
9443090,2026-10-08T01:00Z,,1.98,
9443090,2026-10-08T02:00Z,,2.59,
9443090,2026-10-08T03:00Z,,3.77,
9443090,2026-10-08T04:00Z,,5.14,
9443090,2026-10-08T05:00Z,,6.31,
9443090,2026-10-08T06:00Z,,6.93,
9443090,2026-10-08T07:00Z,,6.84,
9443090,2026-10-08T08:00Z,,6.01,
9443090,2026-10-08T09:00Z,,4.61,
9443090,2026-10-08T10:00Z,,3.01,
9443090,2026-10-08T11:00Z,,1.58,
9443090,2026-10-08T12:00Z,,0.61,
9443090,2026-10-08T13:00Z,,0.35,
9443090,2026-10-08T14:00Z,,0.94,
9443090,2026-10-08T15:00Z,,2.30,
9443090,2026-10-08T16:00Z,,4.07,
9443090,2026-10-08T17:00Z,,5.77,
9443090,2026-10-08T18:00Z,,6.97,
9443090,2026-10-08T19:00Z,,7.45,
9443090,2026-10-08T20:00Z,,7.11,
9443090,2026-10-08T21:00Z,,6.04,
9443090,2026-10-08T22:00Z,,4.54,
9443090,2026-10-08T23:00Z,,3.01,
9443090,2026-10-09T00:00Z,,1.77,
9443090,2026-10-09T01:00Z,,1.06,
9443090,2026-10-09T02:00Z,,1.11,
9443090,2026-10-09T03:00Z,,1.99,
9443090,2026-10-09T04:00Z,,3.47,
9443090,2026-10-09T05:00Z,,5.07,
9443090,2026-10-09T06:00Z,,6.35,
9443090,2026-10-09T07:00Z,,6.97,
9443090,2026-10-09T08:00Z,,6.80,
9443090,2026-10-09T09:00Z,,5.86,
9443090,2026-10-09T10:00Z,,4.41,
9443090,2026-10-09T11:00Z,,2.87,
9443090,2026-10-09T12:00Z,,1.60,
9443090,2026-10-09T13:00Z,,0.88,
9443090,2026-10-09T14:00Z,,0.92,
9443090,2026-10-09T15:00Z,,1.82,
9443090,2026-10-09T16:00Z,,3.41,
9443090,2026-10-09T17:00Z,,5.26,
9443090,2026-10-09T18:00Z,,6.82,
9443090,2026-10-09T19:00Z,,7.73,
9443090,2026-10-09T20:00Z,,7.80,
9443090,2026-10-09T21:00Z,,7.00,
9443090,2026-10-09T22:00Z,,5.50,
9443090,2026-10-09T23:00Z,,3.70,
9443090,2026-10-10T00:00Z,,2.00,
9443090,2026-10-10T01:00Z,,0.74,
9443090,2026-10-10T02:00Z,,0.17,
9443090,2026-10-10T03:00Z,,0.50,
9443090,2026-10-10T04:00Z,,1.71,
9443090,2026-10-10T05:00Z,,3.44,
9443090,2026-10-10T06:00Z,,5.16,
9444090,2026-09-30T06:00Z,-0.39,-0.33,-0.06
9444090,2026-09-30T07:00Z,-0.45,-0.70,0.25
9444090,2026-09-30T08:00Z,0.07,-0.17,0.23
9444090,2026-09-30T09:00Z,1.26,1.07,0.20
9444090,2026-09-30T10:00Z,2.71,2.55,0.16
9444090,2026-09-30T11:00Z,3.90,3.94,-0.04
9444090,2026-09-30T12:00Z,5.13,5.08,0.05
9444090,2026-09-30T13:00Z,5.82,5.83,-0.01
9444090,2026-09-30T14:00Z,5.93,6.08,-0.16
9444090,2026-09-30T15:00Z,5.87,5.93,-0.06
9444090,2026-09-30T16:00Z,5.61,5.64,-0.03
9444090,2026-09-30T17:00Z,5.57,5.40,0.17
9444090,2026-09-30T18:00Z,5.34,5.27,0.06
9444090,2026-09-30T19:00Z,5.25,5.37,-0.12
9444090,2026-09-30T20:00Z,5.78,5.82,-0.05
9444090,2026-09-30T21:00Z,6.59,6.56,0.03
9444090,2026-09-30T22:00Z,7.25,7.24,0.01
9444090,2026-09-30T23:00Z,7.40,7.59,-0.19
9444090,2026-10-01T00:00Z,7.70,7.56,0.15
9444090,2026-10-01T01:00Z,7.12,7.14,-0.02
9444090,2026-10-01T02:00Z,6.21,6.25,-0.04
9444090,2026-10-01T03:00Z,5.00,4.88,0.12
9444090,2026-10-01T04:00Z,3.47,3.25,0.23
9444090,2026-10-01T05:00Z,1.53,1.64,-0.11
9444090,2026-10-01T06:00Z,0.03,0.24,-0.21
9444090,2026-10-01T07:00Z,-0.88,-0.73,-0.15
9444090,2026-10-01T08:00Z,-0.85,-0.96,0.12
9444090,2026-10-01T09:00Z,-0.01,-0.33,0.32
9444090,2026-10-01T10:00Z,1.19,0.93,0.26
9444090,2026-10-01T11:00Z,2.49,2.38,0.12
9444090,2026-10-01T12:00Z,3.77,3.75,0.02
9444090,2026-10-01T13:00Z,5.00,4.90,0.10
9444090,2026-10-01T14:00Z,5.78,5.69,0.09
9444090,2026-10-01T15:00Z,5.95,6.02,-0.07
9444090,2026-10-01T16:00Z,6.04,6.02,0.02
9444090,2026-10-01T17:00Z,6.10,5.94,0.16
9444090,2026-10-01T18:00Z,5.95,5.89,0.05
9444090,2026-10-01T19:00Z,6.06,5.90,0.16
9444090,2026-10-01T20:00Z,6.05,6.06,-0.01
9444090,2026-10-01T21:00Z,6.55,6.49,0.06
9444090,2026-10-01T22:00Z,7.12,7.07,0.05
9444090,2026-10-01T23:00Z,7.44,7.51,-0.07
9444090,2026-10-02T00:00Z,7.62,7.61,0.01
9444090,2026-10-02T01:00Z,7.50,7.39,0.12
9444090,2026-10-02T02:00Z,6.99,6.83,0.16
9444090,2026-10-02T03:00Z,5.82,5.84,-0.02
9444090,2026-10-02T04:00Z,4.55,4.45,0.10
9444090,2026-10-02T05:00Z,3.01,2.89,0.12
9444090,2026-10-02T06:00Z,1.26,1.37,-0.11
9444090,2026-10-02T07:00Z,-0.09,0.06,-0.15
9444090,2026-10-02T08:00Z,-0.82,-0.83,0.01
9444090,2026-10-02T09:00Z,-0.73,-1.00,0.27
9444090,2026-10-02T10:00Z,-0.11,-0.37,0.25
9444090,2026-10-02T11:00Z,1.08,0.82,0.26
9444090,2026-10-02T12:00Z,2.26,2.20,0.07
9444090,2026-10-02T13:00Z,3.64,3.53,0.11
9444090,2026-10-02T14:00Z,4.80,4.69,0.10
9444090,2026-10-02T15:00Z,5.61,5.53,0.08
9444090,2026-10-02T16:00Z,5.94,5.96,-0.02
9444090,2026-10-02T17:00Z,6.11,6.12,0.00
9444090,2026-10-02T18:00Z,6.32,6.20,0.12
9444090,2026-10-02T19:00Z,6.44,6.28,0.16
9444090,2026-10-02T20:00Z,6.29,6.33,-0.05
9444090,2026-10-02T21:00Z,6.38,6.47,-0.09
9444090,2026-10-02T22:00Z,6.68,6.79,-0.10
9444090,2026-10-02T23:00Z,7.01,7.18,-0.17
9444090,2026-10-03T00:00Z,7.16,7.41,-0.25
9444090,2026-10-03T01:00Z,7.25,7.36,-0.11
9444090,2026-10-03T02:00Z,6.93,7.06,-0.13
9444090,2026-10-03T03:00Z,6.39,6.49,-0.09
9444090,2026-10-03T04:00Z,5.43,5.53,-0.10
9444090,2026-10-03T05:00Z,4.13,4.24,-0.11
9444090,2026-10-03T06:00Z,2.69,2.80,-0.10
9444090,2026-10-03T07:00Z,1.27,1.39,-0.13
9444090,2026-10-03T08:00Z,-0.07,0.15,-0.22
9444090,2026-10-03T09:00Z,-0.77,-0.70,-0.06
9444090,2026-10-03T10:00Z,-0.79,-0.89,0.10
9444090,2026-10-03T11:00Z,-0.24,-0.32,0.08
9444090,2026-10-03T12:00Z,0.77,0.76,0.01
9444090,2026-10-03T13:00Z,1.96,2.05,-0.09
9444090,2026-10-03T14:00Z,3.30,3.35,-0.05
9444090,2026-10-03T15:00Z,4.51,4.53,-0.02
9444090,2026-10-03T16:00Z,5.39,5.41,-0.03
9444090,2026-10-03T17:00Z,5.98,5.94,0.04
9444090,2026-10-03T18:00Z,6.22,6.22,0.01
9444090,2026-10-03T19:00Z,6.47,6.40,0.07
9444090,2026-10-03T20:00Z,6.48,6.50,-0.01
9444090,2026-10-03T21:00Z,6.53,6.50,0.03
9444090,2026-10-03T22:00Z,6.45,6.52,-0.07
9444090,2026-10-03T23:00Z,6.44,6.68,-0.24
9444090,2026-10-04T00:00Z,6.72,6.90,-0.19
9444090,2026-10-04T01:00Z,6.81,7.00,-0.19
9444090,2026-10-04T02:00Z,6.85,6.91,-0.06
9444090,2026-10-04T03:00Z,6.67,6.66,0.02
9444090,2026-10-04T04:00Z,6.12,6.18,-0.06
9444090,2026-10-04T05:00Z,5.36,5.36,0.00
9444090,2026-10-04T06:00Z,4.22,4.22,0.00
9444090,2026-10-04T07:00Z,3.00,2.92,0.07
9444090,2026-10-04T08:00Z,1.66,1.62,0.04
9444090,2026-10-04T09:00Z,0.49,0.42,0.07
9444090,2026-10-04T10:00Z,-0.33,-0.45,0.12
9444090,2026-10-04T11:00Z,-0.52,-0.68,0.17
9444090,2026-10-04T12:00Z,-0.05,-0.20,0.15
9444090,2026-10-04T13:00Z,0.75,0.78,-0.03
9444090,2026-10-04T14:00Z,1.91,2.00,-0.08
9444090,2026-10-04T15:00Z,3.29,3.28,0.02
9444090,2026-10-04T16:00Z,4.61,4.49,0.12
9444090,2026-10-04T17:00Z,5.56,5.43,0.13
9444090,2026-10-04T18:00Z,6.05,6.00,0.05
9444090,2026-10-04T19:00Z,6.41,6.31,0.09
9444090,2026-10-04T20:00Z,6.57,6.49,0.08
9444090,2026-10-04T21:00Z,6.45,6.50,-0.05
9444090,2026-10-04T22:00Z,6.41,6.35,0.06
9444090,2026-10-04T23:00Z,6.12,6.19,-0.08
9444090,2026-10-05T00:00Z,5.92,6.20,-0.28
9444090,2026-10-05T01:00Z,6.11,6.30,-0.19
9444090,2026-10-05T02:00Z,6.33,6.36,-0.03
9444090,2026-10-05T03:00Z,6.41,6.34,0.08
9444090,2026-10-05T04:00Z,6.29,6.24,0.05
9444090,2026-10-05T05:00Z,5.92,5.95,-0.03
9444090,2026-10-05T06:00Z,5.29,5.31,-0.02
9444090,2026-10-05T07:00Z,4.52,4.33,0.19
9444090,2026-10-05T08:00Z,3.40,3.18,0.22
9444090,2026-10-05T09:00Z,2.17,1.97,0.20
9444090,2026-10-05T10:00Z,0.98,0.78,0.20
9444090,2026-10-05T11:00Z,0.11,-0.11,0.22
9444090,2026-10-05T12:00Z,-0.17,-0.39,0.22
9444090,2026-10-05T13:00Z,0.15,0.04,0.12
9444090,2026-10-05T14:00Z,0.94,0.95,-0.02
9444090,2026-10-05T15:00Z,2.06,2.13,-0.07
9444090,2026-10-05T16:00Z,3.39,3.44,-0.04
9444090,2026-10-05T17:00Z,4.78,4.68,0.10
9444090,2026-10-05T18:00Z,5.80,5.61,0.19
9444090,2026-10-05T19:00Z,6.36,6.14,0.21
9444090,2026-10-05T20:00Z,6.38,6.39,-0.01
9444090,2026-10-05T21:00Z,6.49,6.44,0.05
9444090,2026-10-05T22:00Z,6.34,6.25,0.09
9444090,2026-10-05T23:00Z,5.98,5.86,0.12
9444090,2026-10-06T00:00Z,5.50,5.52,-0.01
9444090,2026-10-06T01:00Z,5.09,5.40,-0.31
9444090,2026-10-06T02:00Z,5.38,5.46,-0.08
9444090,2026-10-06T03:00Z,5.82,5.58,0.24
9444090,2026-10-06T04:00Z,5.92,5.73,0.20
9444090,2026-10-06T05:00Z,6.07,5.87,0.21
9444090,2026-10-06T06:00Z,5.85,5.80,0.05
9444090,2026-10-06T07:00Z,5.48,5.33,0.15
9444090,2026-10-06T08:00Z,4.78,4.51,0.27
9444090,2026-10-06T09:00Z,3.84,3.49,0.34
9444090,2026-10-06T10:00Z,2.53,2.35,0.18
9444090,2026-10-06T11:00Z,1.40,1.17,0.23
9444090,2026-10-06T12:00Z,0.58,0.28,0.30
9444090,2026-10-06T13:00Z,0.13,0.02,0.11
9444090,2026-10-06T14:00Z,0.51,0.44,0.07
9444090,2026-10-06T15:00Z,1.34,1.34,-0.01
9444090,2026-10-06T16:00Z,2.42,2.55,-0.12
9444090,2026-10-06T17:00Z,3.86,3.88,-0.02
9444090,2026-10-06T18:00Z,5.19,5.10,0.09
9444090,2026-10-06T19:00Z,6.19,5.93,0.26
9444090,2026-10-06T20:00Z,6.48,6.32,0.16
9444090,2026-10-06T21:00Z,6.44,6.39,0.05
9444090,2026-10-06T22:00Z,6.16,6.20,-0.04
9444090,2026-10-06T23:00Z,5.75,5.71,0.04
9444090,2026-10-07T00:00Z,5.26,5.06,0.20
9444090,2026-10-07T01:00Z,4.63,4.55,0.08
9444090,2026-10-07T02:00Z,4.28,4.37,-0.09
9444090,2026-10-07T03:00Z,4.57,4.48,0.09
9444090,2026-10-07T04:00Z,5.09,4.76,0.33
9444090,2026-10-07T05:00Z,5.51,5.18,0.33
9444090,2026-10-07T06:00Z,5.78,5.57,0.21
9444090,2026-10-07T07:00Z,,5.70,
9444090,2026-10-07T08:00Z,,5.39,
9444090,2026-10-07T09:00Z,,4.71,
9444090,2026-10-07T10:00Z,,3.80,
9444090,2026-10-07T11:00Z,,2.71,
9444090,2026-10-07T12:00Z,,1.58,
9444090,2026-10-07T13:00Z,,0.76,
9444090,2026-10-07T14:00Z,,0.57,
9444090,2026-10-07T15:00Z,,1.05,
9444090,2026-10-07T16:00Z,,2.01,
9444090,2026-10-07T17:00Z,,3.26,
9444090,2026-10-07T18:00Z,,4.58,
9444090,2026-10-07T19:00Z,,5.69,
9444090,2026-10-07T20:00Z,,6.32,
9444090,2026-10-07T21:00Z,,6.46,
9444090,2026-10-07T22:00Z,,6.23,
9444090,2026-10-07T23:00Z,,5.70,
9444090,2026-10-08T00:00Z,,4.89,
9444090,2026-10-08T01:00Z,,4.00,
9444090,2026-10-08T02:00Z,,3.39,
9444090,2026-10-08T03:00Z,,3.24,
9444090,2026-10-08T04:00Z,,3.51,
9444090,2026-10-08T05:00Z,,4.05,
9444090,2026-10-08T06:00Z,,4.75,
9444090,2026-10-08T07:00Z,,5.37,
9444090,2026-10-08T08:00Z,,5.66,
9444090,2026-10-08T09:00Z,,5.47,
9444090,2026-10-08T10:00Z,,4.90,
9444090,2026-10-08T11:00Z,,4.08,
9444090,2026-10-08T12:00Z,,3.07,
9444090,2026-10-08T13:00Z,,2.04,
9444090,2026-10-08T14:00Z,,1.34,
9444090,2026-10-08T15:00Z,,1.30,
9444090,2026-10-08T16:00Z,,1.91,
9444090,2026-10-08T17:00Z,,2.96,
9444090,2026-10-08T18:00Z,,4.21,
9444090,2026-10-08T19:00Z,,5.43,
9444090,2026-10-08T20:00Z,,6.31,
9444090,2026-10-08T21:00Z,,6.63,
9444090,2026-10-08T22:00Z,,6.42,
9444090,2026-10-08T23:00Z,,5.83,
9444090,2026-10-09T00:00Z,,4.94,
9444090,2026-10-09T01:00Z,,3.83,
9444090,2026-10-09T02:00Z,,2.78,
9444090,2026-10-09T03:00Z,,2.17,
9444090,2026-10-09T04:00Z,,2.19,
9444090,2026-10-09T05:00Z,,2.71,
9444090,2026-10-09T06:00Z,,3.54,
9444090,2026-10-09T07:00Z,,4.49,
9444090,2026-10-09T08:00Z,,5.29,
9444090,2026-10-09T09:00Z,,5.68,
9444090,2026-10-09T10:00Z,,5.57,
9444090,2026-10-09T11:00Z,,5.08,
9444090,2026-10-09T12:00Z,,4.35,
9444090,2026-10-09T13:00Z,,3.45,
9444090,2026-10-09T14:00Z,,2.56,
9444090,2026-10-09T15:00Z,,2.06,
9444090,2026-10-09T16:00Z,,2.22,
9444090,2026-10-09T17:00Z,,2.98,
9444090,2026-10-09T18:00Z,,4.06,
9444090,2026-10-09T19:00Z,,5.24,
9444090,2026-10-09T20:00Z,,6.25,
9444090,2026-10-09T21:00Z,,6.80,
9444090,2026-10-09T22:00Z,,6.74,
9444090,2026-10-09T23:00Z,,6.13,
9444090,2026-10-10T00:00Z,,5.18,
9444090,2026-10-10T01:00Z,,3.97,
9444090,2026-10-10T02:00Z,,2.64,
9444090,2026-10-10T03:00Z,,1.54,
9444090,2026-10-10T04:00Z,,1.09,
9444090,2026-10-10T05:00Z,,1.37,
9444090,2026-10-10T06:00Z,,2.19,
9449880,2026-09-30T06:00Z,2.12,1.77,0.35
9449880,2026-09-30T07:00Z,0.50,0.18,0.32
9449880,2026-09-30T08:00Z,-0.33,-0.77,0.44
9449880,2026-09-30T09:00Z,-0.36,-0.87,0.51
9449880,2026-09-30T10:00Z,0.26,-0.19,0.45
9449880,2026-09-30T11:00Z,1.32,1.04,0.29
9449880,2026-09-30T12:00Z,2.75,2.57,0.18
9449880,2026-09-30T13:00Z,4.28,4.18,0.10
9449880,2026-09-30T14:00Z,5.72,5.62,0.11
9449880,2026-09-30T15:00Z,6.82,6.65,0.18
9449880,2026-09-30T16:00Z,7.37,7.17,0.19
9449880,2026-09-30T17:00Z,7.38,7.21,0.18
9449880,2026-09-30T18:00Z,7.02,6.86,0.16
9449880,2026-09-30T19:00Z,6.58,6.35,0.23
9449880,2026-09-30T20:00Z,6.25,5.95,0.30
9449880,2026-09-30T21:00Z,6.11,5.87,0.24
9449880,2026-09-30T22:00Z,6.40,6.12,0.28
9449880,2026-09-30T23:00Z,6.80,6.55,0.25
9449880,2026-10-01T00:00Z,7.28,7.00,0.28
9449880,2026-10-01T01:00Z,7.71,7.35,0.36
9449880,2026-10-01T02:00Z,7.74,7.43,0.31
9449880,2026-10-01T03:00Z,7.28,7.03,0.25
9449880,2026-10-01T04:00Z,6.33,6.08,0.24
9449880,2026-10-01T05:00Z,4.93,4.63,0.30
9449880,2026-10-01T06:00Z,2.99,2.85,0.14
9449880,2026-10-01T07:00Z,1.16,1.04,0.12
9449880,2026-10-01T08:00Z,-0.25,-0.42,0.17
9449880,2026-10-01T09:00Z,-0.85,-1.19,0.34
9449880,2026-10-01T10:00Z,-0.71,-1.12,0.41
9449880,2026-10-01T11:00Z,-0.05,-0.33,0.28
9449880,2026-10-01T12:00Z,1.31,0.96,0.35
9449880,2026-10-01T13:00Z,2.73,2.53,0.20
9449880,2026-10-01T14:00Z,4.39,4.16,0.23
9449880,2026-10-01T15:00Z,5.80,5.59,0.21
9449880,2026-10-01T16:00Z,6.89,6.63,0.27
9449880,2026-10-01T17:00Z,7.62,7.22,0.39
9449880,2026-10-01T18:00Z,7.71,7.38,0.32
9449880,2026-10-01T19:00Z,7.55,7.20,0.36
9449880,2026-10-01T20:00Z,7.17,6.85,0.32
9449880,2026-10-01T21:00Z,6.91,6.58,0.33
9449880,2026-10-01T22:00Z,6.87,6.54,0.33
9449880,2026-10-01T23:00Z,7.01,6.73,0.27
9449880,2026-10-02T00:00Z,7.24,7.01,0.22
9449880,2026-10-02T01:00Z,7.55,7.28,0.27
9449880,2026-10-02T02:00Z,7.75,7.43,0.32
9449880,2026-10-02T03:00Z,7.55,7.28,0.27
9449880,2026-10-02T04:00Z,6.89,6.69,0.20
9449880,2026-10-02T05:00Z,5.87,5.62,0.25
9449880,2026-10-02T06:00Z,4.31,4.13,0.18
9449880,2026-10-02T07:00Z,2.53,2.40,0.13
9449880,2026-10-02T08:00Z,0.88,0.71,0.17
9449880,2026-10-02T09:00Z,-0.41,-0.61,0.20
9449880,2026-10-02T10:00Z,-0.95,-1.25,0.29
9449880,2026-10-02T11:00Z,-0.75,-1.11,0.36
9449880,2026-10-02T12:00Z,-0.04,-0.31,0.27
9449880,2026-10-02T13:00Z,1.28,0.94,0.34
9449880,2026-10-02T14:00Z,2.76,2.47,0.29
9449880,2026-10-02T15:00Z,4.34,4.05,0.28
9449880,2026-10-02T16:00Z,5.74,5.45,0.29
9449880,2026-10-02T17:00Z,6.93,6.52,0.42
9449880,2026-10-02T18:00Z,7.71,7.21,0.51
9449880,2026-10-02T19:00Z,7.93,7.50,0.43
9449880,2026-10-02T20:00Z,7.80,7.46,0.35
9449880,2026-10-02T21:00Z,7.49,7.22,0.27
9449880,2026-10-02T22:00Z,7.21,7.00,0.21
9449880,2026-10-02T23:00Z,7.07,6.93,0.14
9449880,2026-10-03T00:00Z,7.05,7.00,0.05
9449880,2026-10-03T01:00Z,7.12,7.13,-0.01
9449880,2026-10-03T02:00Z,7.23,7.24,-0.01
9449880,2026-10-03T03:00Z,7.27,7.24,0.03
9449880,2026-10-03T04:00Z,6.93,6.98,-0.04
9449880,2026-10-03T05:00Z,6.25,6.33,-0.08
9449880,2026-10-03T06:00Z,5.19,5.29,-0.10
9449880,2026-10-03T07:00Z,3.85,3.90,-0.05
9449880,2026-10-03T08:00Z,2.28,2.31,-0.03
9449880,2026-10-03T09:00Z,0.76,0.75,0.01
9449880,2026-10-03T10:00Z,-0.45,-0.45,0.00
9449880,2026-10-03T11:00Z,-0.94,-1.03,0.10
9449880,2026-10-03T12:00Z,-0.76,-0.92,0.16
9449880,2026-10-03T13:00Z,-0.03,-0.21,0.17
9449880,2026-10-03T14:00Z,1.14,0.95,0.19
9449880,2026-10-03T15:00Z,2.57,2.39,0.18
9449880,2026-10-03T16:00Z,4.11,3.90,0.21
9449880,2026-10-03T17:00Z,5.56,5.27,0.29
9449880,2026-10-03T18:00Z,6.78,6.40,0.39
9449880,2026-10-03T19:00Z,7.61,7.18,0.43
9449880,2026-10-03T20:00Z,7.96,7.58,0.38
9449880,2026-10-03T21:00Z,7.90,7.62,0.28
9449880,2026-10-03T22:00Z,7.64,7.42,0.22
9449880,2026-10-03T23:00Z,7.29,7.15,0.14
9449880,2026-10-04T00:00Z,7.01,6.97,0.03
9449880,2026-10-04T01:00Z,6.89,6.90,0.00
9449880,2026-10-04T02:00Z,6.88,6.89,-0.01
9449880,2026-10-04T03:00Z,6.87,6.90,-0.03
9449880,2026-10-04T04:00Z,6.80,6.85,-0.04
9449880,2026-10-04T05:00Z,6.52,6.59,-0.06
9449880,2026-10-04T06:00Z,6.01,6.03,-0.01
9449880,2026-10-04T07:00Z,5.18,5.13,0.05
9449880,2026-10-04T08:00Z,3.98,3.92,0.06
9449880,2026-10-04T09:00Z,2.59,2.50,0.08
9449880,2026-10-04T10:00Z,1.21,1.09,0.12
9449880,2026-10-04T11:00Z,0.09,-0.05,0.14
9449880,2026-10-04T12:00Z,-0.53,-0.66,0.13
9449880,2026-10-04T13:00Z,-0.45,-0.63,0.18
9449880,2026-10-04T14:00Z,0.12,-0.03,0.16
9449880,2026-10-04T15:00Z,1.22,1.01,0.21
9449880,2026-10-04T16:00Z,2.63,2.35,0.28
9449880,2026-10-04T17:00Z,4.19,3.82,0.38
9449880,2026-10-04T18:00Z,5.56,5.20,0.36
9449880,2026-10-04T19:00Z,6.74,6.37,0.38
9449880,2026-10-04T20:00Z,7.64,7.21,0.43
9449880,2026-10-04T21:00Z,8.05,7.65,0.40
9449880,2026-10-04T22:00Z,7.96,7.68,0.27
9449880,2026-10-04T23:00Z,7.55,7.39,0.16
9449880,2026-10-05T00:00Z,7.02,6.99,0.03
9449880,2026-10-05T01:00Z,6.62,6.65,-0.02
9449880,2026-10-05T02:00Z,6.45,6.43,0.02
9449880,2026-10-05T03:00Z,6.35,6.32,0.02
9449880,2026-10-05T04:00Z,6.25,6.31,-0.06
9449880,2026-10-05T05:00Z,6.27,6.31,-0.04
9449880,2026-10-05T06:00Z,6.15,6.18,-0.03
9449880,2026-10-05T07:00Z,5.94,5.81,0.13
9449880,2026-10-05T08:00Z,5.32,5.13,0.19
9449880,2026-10-05T09:00Z,4.34,4.14,0.20
9449880,2026-10-05T10:00Z,3.10,2.90,0.20
9449880,2026-10-05T11:00Z,1.88,1.58,0.29
9449880,2026-10-05T12:00Z,0.70,0.46,0.24
9449880,2026-10-05T13:00Z,0.01,-0.19,0.20
9449880,2026-10-05T14:00Z,-0.11,-0.25,0.15
9449880,2026-10-05T15:00Z,0.34,0.23,0.11
9449880,2026-10-05T16:00Z,1.34,1.19,0.16
9449880,2026-10-05T17:00Z,2.70,2.49,0.22
9449880,2026-10-05T18:00Z,4.25,3.93,0.32
9449880,2026-10-05T19:00Z,5.62,5.32,0.30
9449880,2026-10-05T20:00Z,6.80,6.50,0.30
9449880,2026-10-05T21:00Z,7.57,7.33,0.25
9449880,2026-10-05T22:00Z,8.04,7.70,0.34
9449880,2026-10-05T23:00Z,7.85,7.57,0.28
9449880,2026-10-06T00:00Z,7.21,7.08,0.13
9449880,2026-10-06T01:00Z,6.54,6.47,0.07
9449880,2026-10-06T02:00Z,6.00,5.96,0.04
9449880,2026-10-06T03:00Z,5.71,5.62,0.08
9449880,2026-10-06T04:00Z,5.66,5.49,0.17
9449880,2026-10-06T05:00Z,5.53,5.56,-0.03
9449880,2026-10-06T06:00Z,5.73,5.72,0.01
9449880,2026-10-06T07:00Z,5.96,5.80,0.15
9449880,2026-10-06T08:00Z,5.92,5.67,0.25
9449880,2026-10-06T09:00Z,5.53,5.25,0.28
9449880,2026-10-06T10:00Z,4.78,4.49,0.29
9449880,2026-10-06T11:00Z,3.66,3.40,0.26
9449880,2026-10-06T12:00Z,2.52,2.14,0.37
9449880,2026-10-06T13:00Z,1.30,1.03,0.28
9449880,2026-10-06T14:00Z,0.48,0.34,0.14
9449880,2026-10-06T15:00Z,0.31,0.23,0.08
9449880,2026-10-06T16:00Z,0.70,0.66,0.04
9449880,2026-10-06T17:00Z,1.61,1.59,0.02
9449880,2026-10-06T18:00Z,3.02,2.89,0.13
9449880,2026-10-06T19:00Z,4.46,4.32,0.14
9449880,2026-10-06T20:00Z,5.86,5.67,0.20
9449880,2026-10-06T21:00Z,6.94,6.77,0.16
9449880,2026-10-06T22:00Z,7.57,7.47,0.10
9449880,2026-10-06T23:00Z,7.83,7.63,0.20
9449880,2026-10-07T00:00Z,7.42,7.23,0.19
9449880,2026-10-07T01:00Z,6.64,6.45,0.19
9449880,2026-10-07T02:00Z,5.73,5.61,0.12
9449880,2026-10-07T03:00Z,5.06,4.94,0.12
9449880,2026-10-07T04:00Z,4.77,4.56,0.20
9449880,2026-10-07T05:00Z,4.72,4.51,0.21
9449880,2026-10-07T06:00Z,4.94,4.77,0.17
9449880,2026-10-07T07:00Z,,5.16,
9449880,2026-10-07T08:00Z,,5.49,
9449880,2026-10-07T09:00Z,,5.63,
9449880,2026-10-07T10:00Z,,5.47,
9449880,2026-10-07T11:00Z,,4.89,
9449880,2026-10-07T12:00Z,,3.91,
9449880,2026-10-07T13:00Z,,2.72,
9449880,2026-10-07T14:00Z,,1.63,
9449880,2026-10-07T15:00Z,,0.96,
9449880,2026-10-07T16:00Z,,0.85,
9449880,2026-10-07T17:00Z,,1.31,
9449880,2026-10-07T18:00Z,,2.28,
9449880,2026-10-07T19:00Z,,3.58,
9449880,2026-10-07T20:00Z,,4.95,
9449880,2026-10-07T21:00Z,,6.18,
9449880,2026-10-07T22:00Z,,7.11,
9449880,2026-10-07T23:00Z,,7.54,
9449880,2026-10-08T00:00Z,,7.34,
9449880,2026-10-08T01:00Z,,6.58,
9449880,2026-10-08T02:00Z,,5.49,
9449880,2026-10-08T03:00Z,,4.44,
9449880,2026-10-08T04:00Z,,3.70,
9449880,2026-10-08T05:00Z,,3.40,
9449880,2026-10-08T06:00Z,,3.54,
9449880,2026-10-08T07:00Z,,4.04,
9449880,2026-10-08T08:00Z,,4.70,
9449880,2026-10-08T09:00Z,,5.31,
9449880,2026-10-08T10:00Z,,5.71,
9449880,2026-10-08T11:00Z,,5.75,
9449880,2026-10-08T12:00Z,,5.32,
9449880,2026-10-08T13:00Z,,4.43,
9449880,2026-10-08T14:00Z,,3.30,
9449880,2026-10-08T15:00Z,,2.28,
9449880,2026-10-08T16:00Z,,1.69,
9449880,2026-10-08T17:00Z,,1.67,
9449880,2026-10-08T18:00Z,,2.22,
9449880,2026-10-08T19:00Z,,3.23,
9449880,2026-10-08T20:00Z,,4.48,
9449880,2026-10-08T21:00Z,,5.72,
9449880,2026-10-08T22:00Z,,6.74,
9449880,2026-10-08T23:00Z,,7.35,
9449880,2026-10-09T00:00Z,,7.38,
9449880,2026-10-09T01:00Z,,6.75,
9449880,2026-10-09T02:00Z,,5.60,
9449880,2026-10-09T03:00Z,,4.24,
9449880,2026-10-09T04:00Z,,3.08,
9449880,2026-10-09T05:00Z,,2.41,
9449880,2026-10-09T06:00Z,,2.30,
9449880,2026-10-09T07:00Z,,2.71,
9449880,2026-10-09T08:00Z,,3.50,
9449880,2026-10-09T09:00Z,,4.43,
9449880,2026-10-09T10:00Z,,5.30,
9449880,2026-10-09T11:00Z,,5.91,
9449880,2026-10-09T12:00Z,,6.10,
9449880,2026-10-09T13:00Z,,5.77,
9449880,2026-10-09T14:00Z,,4.95,
9449880,2026-10-09T15:00Z,,3.90,
9449880,2026-10-09T16:00Z,,2.99,
9449880,2026-10-09T17:00Z,,2.55,
9449880,2026-10-09T18:00Z,,2.68,
9449880,2026-10-09T19:00Z,,3.31,
9449880,2026-10-09T20:00Z,,4.30,
9449880,2026-10-09T21:00Z,,5.43,
9449880,2026-10-09T22:00Z,,6.45,
9449880,2026-10-09T23:00Z,,7.14,
9449880,2026-10-10T00:00Z,,7.33,
9449880,2026-10-10T01:00Z,,6.90,
9449880,2026-10-10T02:00Z,,5.83,
9449880,2026-10-10T03:00Z,,4.34,
9449880,2026-10-10T04:00Z,,2.83,
9449880,2026-10-10T05:00Z,,1.73,
9449880,2026-10-10T06:00Z,,1.26,
9449424,2026-09-30T06:00Z,3.45,2.87,0.58
9449424,2026-09-30T07:00Z,1.47,0.92,0.55
9449424,2026-09-30T08:00Z,-0.05,-0.49,0.44
9449424,2026-09-30T09:00Z,-0.65,-1.04,0.39
9449424,2026-09-30T10:00Z,-0.33,-0.63,0.30
9449424,2026-09-30T11:00Z,0.90,0.64,0.26
9449424,2026-09-30T12:00Z,2.64,2.48,0.16
9449424,2026-09-30T13:00Z,4.62,4.51,0.10
9449424,2026-09-30T14:00Z,6.49,6.37,0.11
9449424,2026-09-30T15:00Z,7.94,7.78,0.16
9449424,2026-09-30T16:00Z,8.71,8.52,0.20
9449424,2026-09-30T17:00Z,8.69,8.54,0.16
9449424,2026-09-30T18:00Z,8.22,8.00,0.23
9449424,2026-09-30T19:00Z,7.49,7.19,0.30
9449424,2026-09-30T20:00Z,6.80,6.43,0.37
9449424,2026-09-30T21:00Z,6.35,5.98,0.37
9449424,2026-09-30T22:00Z,6.41,6.01,0.40
9449424,2026-09-30T23:00Z,6.93,6.50,0.43
9449424,2026-10-01T00:00Z,7.61,7.27,0.34
9449424,2026-10-01T01:00Z,8.34,8.02,0.32
9449424,2026-10-01T02:00Z,8.82,8.45,0.38
9449424,2026-10-01T03:00Z,8.64,8.33,0.31
9449424,2026-10-01T04:00Z,7.78,7.53,0.25
9449424,2026-10-01T05:00Z,6.20,6.05,0.15
9449424,2026-10-01T06:00Z,4.31,4.08,0.23
9449424,2026-10-01T07:00Z,2.31,2.00,0.31
9449424,2026-10-01T08:00Z,0.43,0.18,0.24
9449424,2026-10-01T09:00Z,-0.71,-1.01,0.30
9449424,2026-10-01T10:00Z,-1.12,-1.34,0.22
9449424,2026-10-01T11:00Z,-0.49,-0.75,0.25
9449424,2026-10-01T12:00Z,0.95,0.64,0.31
9449424,2026-10-01T13:00Z,2.73,2.52,0.21
9449424,2026-10-01T14:00Z,4.71,4.53,0.18
9449424,2026-10-01T15:00Z,6.56,6.35,0.21
9449424,2026-10-01T16:00Z,7.96,7.73,0.23
9449424,2026-10-01T17:00Z,8.78,8.49,0.30
9449424,2026-10-01T18:00Z,8.94,8.60,0.34
9449424,2026-10-01T19:00Z,8.61,8.22,0.39
9449424,2026-10-01T20:00Z,8.10,7.61,0.49
9449424,2026-10-01T21:00Z,7.45,7.03,0.42
9449424,2026-10-01T22:00Z,7.13,6.69,0.44
9449424,2026-10-01T23:00Z,7.21,6.74,0.47
9449424,2026-10-02T00:00Z,7.50,7.13,0.37
9449424,2026-10-02T01:00Z,8.00,7.70,0.29
9449424,2026-10-02T02:00Z,8.44,8.19,0.25
9449424,2026-10-02T03:00Z,8.56,8.33,0.23
9449424,2026-10-02T04:00Z,8.13,7.96,0.17
9449424,2026-10-02T05:00Z,7.12,6.99,0.13
9449424,2026-10-02T06:00Z,5.53,5.45,0.08
9449424,2026-10-02T07:00Z,3.74,3.53,0.21
9449424,2026-10-02T08:00Z,1.81,1.58,0.23
9449424,2026-10-02T09:00Z,0.17,-0.05,0.23
9449424,2026-10-02T10:00Z,-0.84,-1.08,0.24
9449424,2026-10-02T11:00Z,-1.10,-1.29,0.19
9449424,2026-10-02T12:00Z,-0.38,-0.65,0.27
9449424,2026-10-02T13:00Z,1.03,0.71,0.32
9449424,2026-10-02T14:00Z,2.76,2.50,0.26
9449424,2026-10-02T15:00Z,4.66,4.42,0.24
9449424,2026-10-02T16:00Z,6.43,6.17,0.26
9449424,2026-10-02T17:00Z,7.93,7.55,0.38
9449424,2026-10-02T18:00Z,8.80,8.38,0.42
9449424,2026-10-02T19:00Z,9.09,8.63,0.46
9449424,2026-10-02T20:00Z,8.88,8.43,0.45
9449424,2026-10-02T21:00Z,8.43,7.99,0.44
9449424,2026-10-02T22:00Z,7.85,7.51,0.34
9449424,2026-10-02T23:00Z,7.53,7.19,0.34
9449424,2026-10-03T00:00Z,7.38,7.16,0.22
9449424,2026-10-03T01:00Z,7.44,7.40,0.05
9449424,2026-10-03T02:00Z,7.73,7.75,-0.03
9449424,2026-10-03T03:00Z,7.95,8.02,-0.07
9449424,2026-10-03T04:00Z,7.88,7.98,-0.10
9449424,2026-10-03T05:00Z,7.39,7.53,-0.14
9449424,2026-10-03T06:00Z,6.37,6.58,-0.21
9449424,2026-10-03T07:00Z,4.94,5.14,-0.19
9449424,2026-10-03T08:00Z,3.35,3.39,-0.04
9449424,2026-10-03T09:00Z,1.58,1.63,-0.05
9449424,2026-10-03T10:00Z,0.09,0.15,-0.06
9449424,2026-10-03T11:00Z,-0.81,-0.80,-0.01
9449424,2026-10-03T12:00Z,-1.03,-1.01,-0.02
9449424,2026-10-03T13:00Z,-0.34,-0.44,0.10
9449424,2026-10-03T14:00Z,0.93,0.78,0.15
9449424,2026-10-03T15:00Z,2.58,2.43,0.15
9449424,2026-10-03T16:00Z,4.45,4.24,0.21
9449424,2026-10-03T17:00Z,6.24,5.96,0.28
9449424,2026-10-03T18:00Z,7.72,7.37,0.35
9449424,2026-10-03T19:00Z,8.71,8.30,0.41
9449424,2026-10-03T20:00Z,9.13,8.69,0.44
9449424,2026-10-03T21:00Z,8.98,8.63,0.34
9449424,2026-10-03T22:00Z,8.60,8.27,0.33
9449424,2026-10-03T23:00Z,8.05,7.79,0.26
9449424,2026-10-04T00:00Z,7.52,7.39,0.13
9449424,2026-10-04T01:00Z,7.25,7.21,0.05
9449424,2026-10-04T02:00Z,7.22,7.25,-0.03
9449424,2026-10-04T03:00Z,7.30,7.43,-0.12
9449424,2026-10-04T04:00Z,7.43,7.57,-0.14
9449424,2026-10-04T05:00Z,7.35,7.52,-0.17
9449424,2026-10-04T06:00Z,7.02,7.15,-0.12
9449424,2026-10-04T07:00Z,6.26,6.36,-0.09
9449424,2026-10-04T08:00Z,5.03,5.13,-0.10
9449424,2026-10-04T09:00Z,3.59,3.61,-0.02
9449424,2026-10-04T10:00Z,2.07,2.04,0.03
9449424,2026-10-04T11:00Z,0.68,0.65,0.04
9449424,2026-10-04T12:00Z,-0.29,-0.30,0.01
9449424,2026-10-04T13:00Z,-0.57,-0.60,0.03
9449424,2026-10-04T14:00Z,-0.17,-0.19,0.02
9449424,2026-10-04T15:00Z,0.96,0.87,0.09
9449424,2026-10-04T16:00Z,2.58,2.39,0.19
9449424,2026-10-04T17:00Z,4.36,4.12,0.24
9449424,2026-10-04T18:00Z,6.11,5.85,0.27
9449424,2026-10-04T19:00Z,7.58,7.33,0.25
9449424,2026-10-04T20:00Z,8.67,8.35,0.32
9449424,2026-10-04T21:00Z,9.19,8.82,0.36
9449424,2026-10-04T22:00Z,9.04,8.80,0.25
9449424,2026-10-04T23:00Z,8.57,8.40,0.18
9449424,2026-10-05T00:00Z,7.90,7.79,0.11
9449424,2026-10-05T01:00Z,7.17,7.21,-0.04
9449424,2026-10-05T02:00Z,6.79,6.83,-0.03
9449424,2026-10-05T03:00Z,6.63,6.70,-0.07
9449424,2026-10-05T04:00Z,6.56,6.78,-0.22
9449424,2026-10-05T05:00Z,6.74,6.93,-0.20
9449424,2026-10-05T06:00Z,6.89,7.01,-0.12
9449424,2026-10-05T07:00Z,6.81,6.86,-0.05
9449424,2026-10-05T08:00Z,6.39,6.34,0.05
9449424,2026-10-05T09:00Z,5.44,5.38,0.05
9449424,2026-10-05T10:00Z,4.16,4.09,0.07
9449424,2026-10-05T11:00Z,2.78,2.65,0.13
9449424,2026-10-05T12:00Z,1.40,1.29,0.11
9449424,2026-10-05T13:00Z,0.38,0.28,0.10
9449424,2026-10-05T14:00Z,-0.13,-0.15,0.02
9449424,2026-10-05T15:00Z,0.10,0.12,-0.03
9449424,2026-10-05T16:00Z,1.09,1.06,0.04
9449424,2026-10-05T17:00Z,2.62,2.50,0.12
9449424,2026-10-05T18:00Z,4.34,4.22,0.13
9449424,2026-10-05T19:00Z,6.13,5.97,0.16
9449424,2026-10-05T20:00Z,7.67,7.50,0.17
9449424,2026-10-05T21:00Z,8.75,8.54,0.21
9449424,2026-10-05T22:00Z,9.26,8.98,0.27
9449424,2026-10-05T23:00Z,9.07,8.85,0.22
9449424,2026-10-06T00:00Z,8.37,8.26,0.10
9449424,2026-10-06T01:00Z,7.44,7.42,0.02
9449424,2026-10-06T02:00Z,6.60,6.60,0.00
9449424,2026-10-06T03:00Z,6.04,6.03,0.01
9449424,2026-10-06T04:00Z,5.80,5.81,-0.01
9449424,2026-10-06T05:00Z,5.74,5.91,-0.17
9449424,2026-10-06T06:00Z,6.10,6.21,-0.11
9449424,2026-10-06T07:00Z,6.53,6.54,-0.01
9449424,2026-10-06T08:00Z,6.73,6.70,0.03
9449424,2026-10-06T09:00Z,6.58,6.49,0.09
9449424,2026-10-06T10:00Z,6.01,5.80,0.22
9449424,2026-10-06T11:00Z,4.79,4.70,0.09
9449424,2026-10-06T12:00Z,3.50,3.34,0.16
9449424,2026-10-06T13:00Z,2.13,1.97,0.17
9449424,2026-10-06T14:00Z,0.95,0.88,0.07
9449424,2026-10-06T15:00Z,0.29,0.37,-0.08
9449424,2026-10-06T16:00Z,0.39,0.56,-0.17
9449424,2026-10-06T17:00Z,1.29,1.45,-0.16
9449424,2026-10-06T18:00Z,2.86,2.89,-0.03
9449424,2026-10-06T19:00Z,4.59,4.63,-0.04
9449424,2026-10-06T20:00Z,6.36,6.40,-0.04
9449424,2026-10-06T21:00Z,7.88,7.89,-0.01
9449424,2026-10-06T22:00Z,8.84,8.81,0.02
9449424,2026-10-06T23:00Z,9.16,9.06,0.09
9449424,2026-10-07T00:00Z,8.73,8.67,0.07
9449424,2026-10-07T01:00Z,7.78,7.77,0.02
9449424,2026-10-07T02:00Z,6.68,6.63,0.05
9449424,2026-10-07T03:00Z,5.62,5.58,0.04
9449424,2026-10-07T04:00Z,4.96,4.90,0.06
9449424,2026-10-07T05:00Z,4.75,4.70,0.05
9449424,2026-10-07T06:00Z,4.94,4.97,-0.03
9449424,2026-10-07T07:00Z,,5.53,
9449424,2026-10-07T08:00Z,,6.19,
9449424,2026-10-07T09:00Z,,6.68,
9449424,2026-10-07T10:00Z,,6.76,
9449424,2026-10-07T11:00Z,,6.29,
9449424,2026-10-07T12:00Z,,5.32,
9449424,2026-10-07T13:00Z,,4.01,
9449424,2026-10-07T14:00Z,,2.62,
9449424,2026-10-07T15:00Z,,1.51,
9449424,2026-10-07T16:00Z,,0.98,
9449424,2026-10-07T17:00Z,,1.20,
9449424,2026-10-07T18:00Z,,2.14,
9449424,2026-10-07T19:00Z,,3.61,
9449424,2026-10-07T20:00Z,,5.35,
9449424,2026-10-07T21:00Z,,7.05,
9449424,2026-10-07T22:00Z,,8.37,
9449424,2026-10-07T23:00Z,,9.02,
9449424,2026-10-08T00:00Z,,8.92,
9449424,2026-10-08T01:00Z,,8.13,
9449424,2026-10-08T02:00Z,,6.85,
9449424,2026-10-08T03:00Z,,5.43,
9449424,2026-10-08T04:00Z,,4.25,
9449424,2026-10-08T05:00Z,,3.58,
9449424,2026-10-08T06:00Z,,3.56,
9449424,2026-10-08T07:00Z,,4.11,
9449424,2026-10-08T08:00Z,,5.01,
9449424,2026-10-08T09:00Z,,6.01,
9449424,2026-10-08T10:00Z,,6.82,
9449424,2026-10-08T11:00Z,,7.12,
9449424,2026-10-08T12:00Z,,6.80,
9449424,2026-10-08T13:00Z,,5.90,
9449424,2026-10-08T14:00Z,,4.62,
9449424,2026-10-08T15:00Z,,3.25,
9449424,2026-10-08T16:00Z,,2.19,
9449424,2026-10-08T17:00Z,,1.75,
9449424,2026-10-08T18:00Z,,2.08,
9449424,2026-10-08T19:00Z,,3.11,
9449424,2026-10-08T20:00Z,,4.60,
9449424,2026-10-08T21:00Z,,6.27,
9449424,2026-10-08T22:00Z,,7.77,
9449424,2026-10-08T23:00Z,,8.75,
9449424,2026-10-09T00:00Z,,8.97,
9449424,2026-10-09T01:00Z,,8.41,
9449424,2026-10-09T02:00Z,,7.17,
9449424,2026-10-09T03:00Z,,5.55,
9449424,2026-10-09T04:00Z,,3.95,
9449424,2026-10-09T05:00Z,,2.78,
9449424,2026-10-09T06:00Z,,2.30,
9449424,2026-10-09T07:00Z,,2.58,
9449424,2026-10-09T08:00Z,,3.48,
9449424,2026-10-09T09:00Z,,4.74,
9449424,2026-10-09T10:00Z,,6.06,
9449424,2026-10-09T11:00Z,,7.09,
9449424,2026-10-09T12:00Z,,7.54,
9449424,2026-10-09T13:00Z,,7.29,
9449424,2026-10-09T14:00Z,,6.42,
9449424,2026-10-09T15:00Z,,5.17,
9449424,2026-10-09T16:00Z,,3.88,
9449424,2026-10-09T17:00Z,,2.95,
9449424,2026-10-09T18:00Z,,2.68,
9449424,2026-10-09T19:00Z,,3.16,
9449424,2026-10-09T20:00Z,,4.26,
9449424,2026-10-09T21:00Z,,5.71,
9449424,2026-10-09T22:00Z,,7.18,
9449424,2026-10-09T23:00Z,,8.33,
9449424,2026-10-10T00:00Z,,8.85,
9449424,2026-10-10T01:00Z,,8.55,
9449424,2026-10-10T02:00Z,,7.48,
9449424,2026-10-10T03:00Z,,5.85,
9449424,2026-10-10T04:00Z,,4.00,
9449424,2026-10-10T05:00Z,,2.39,
9449424,2026-10-10T06:00Z,,1.40,
9444900,2026-09-30T06:00Z,0.78,0.33,0.45
9444900,2026-09-30T07:00Z,-0.37,-1.00,0.63
9444900,2026-09-30T08:00Z,-0.49,-1.27,0.78
9444900,2026-09-30T09:00Z,0.20,-0.54,0.74
9444900,2026-09-30T10:00Z,1.34,0.84,0.50
9444900,2026-09-30T11:00Z,2.68,2.48,0.20
9444900,2026-09-30T12:00Z,4.28,4.19,0.09
9444900,2026-09-30T13:00Z,6.06,5.84,0.23
9444900,2026-09-30T14:00Z,7.46,7.15,0.31
9444900,2026-09-30T15:00Z,8.06,7.84,0.23
9444900,2026-09-30T16:00Z,8.17,7.85,0.32
9444900,2026-09-30T17:00Z,7.81,7.35,0.46
9444900,2026-09-30T18:00Z,6.94,6.62,0.33
9444900,2026-09-30T19:00Z,6.28,6.00,0.29
9444900,2026-09-30T20:00Z,6.09,5.79,0.30
9444900,2026-09-30T21:00Z,6.33,6.04,0.28
9444900,2026-09-30T22:00Z,7.03,6.61,0.42
9444900,2026-09-30T23:00Z,7.50,7.24,0.26
9444900,2026-10-01T00:00Z,8.18,7.75,0.44
9444900,2026-10-01T01:00Z,8.65,8.09,0.56
9444900,2026-10-01T02:00Z,8.54,8.07,0.46
9444900,2026-10-01T03:00Z,7.86,7.38,0.48
9444900,2026-10-01T04:00Z,6.27,5.88,0.39
9444900,2026-10-01T05:00Z,4.11,3.80,0.31
9444900,2026-10-01T06:00Z,1.80,1.55,0.25
9444900,2026-10-01T07:00Z,0.10,-0.36,0.46
9444900,2026-10-01T08:00Z,-0.74,-1.45,0.70
9444900,2026-10-01T09:00Z,-0.78,-1.50,0.72
9444900,2026-10-01T10:00Z,0.00,-0.65,0.65
9444900,2026-10-01T11:00Z,1.19,0.78,0.42
9444900,2026-10-01T12:00Z,2.69,2.41,0.28
9444900,2026-10-01T13:00Z,4.38,4.11,0.28
9444900,2026-10-01T14:00Z,6.16,5.74,0.42
9444900,2026-10-01T15:00Z,7.46,7.04,0.42
9444900,2026-10-01T16:00Z,8.12,7.76,0.36
9444900,2026-10-01T17:00Z,8.39,7.90,0.49
9444900,2026-10-01T18:00Z,8.18,7.60,0.57
9444900,2026-10-01T19:00Z,7.60,7.09,0.51
9444900,2026-10-01T20:00Z,7.10,6.65,0.45
9444900,2026-10-01T21:00Z,6.95,6.53,0.42
9444900,2026-10-01T22:00Z,7.18,6.74,0.44
9444900,2026-10-01T23:00Z,7.57,7.16,0.41
9444900,2026-10-02T00:00Z,7.96,7.57,0.40
9444900,2026-10-02T01:00Z,8.32,7.85,0.47
9444900,2026-10-02T02:00Z,8.53,7.96,0.57
9444900,2026-10-02T03:00Z,8.25,7.72,0.53
9444900,2026-10-02T04:00Z,7.28,6.83,0.45
9444900,2026-10-02T05:00Z,5.72,5.26,0.46
9444900,2026-10-02T06:00Z,3.56,3.25,0.31
9444900,2026-10-02T07:00Z,1.45,1.16,0.28
9444900,2026-10-02T08:00Z,-0.02,-0.54,0.52
9444900,2026-10-02T09:00Z,-0.82,-1.45,0.63
9444900,2026-10-02T10:00Z,-0.76,-1.41,0.65
9444900,2026-10-02T11:00Z,0.07,-0.56,0.63
9444900,2026-10-02T12:00Z,1.26,0.79,0.47
9444900,2026-10-02T13:00Z,2.64,2.33,0.31
9444900,2026-10-02T14:00Z,4.34,3.95,0.39
9444900,2026-10-02T15:00Z,5.98,5.55,0.43
9444900,2026-10-02T16:00Z,7.36,6.85,0.51
9444900,2026-10-02T17:00Z,8.19,7.65,0.54
9444900,2026-10-02T18:00Z,8.49,7.96,0.54
9444900,2026-10-02T19:00Z,8.40,7.85,0.54
9444900,2026-10-02T20:00Z,8.00,7.50,0.49
9444900,2026-10-02T21:00Z,7.47,7.15,0.32
9444900,2026-10-02T22:00Z,7.36,7.00,0.36
9444900,2026-10-02T23:00Z,7.37,7.09,0.28
9444900,2026-10-03T00:00Z,7.54,7.33,0.21
9444900,2026-10-03T01:00Z,7.79,7.53,0.25
9444900,2026-10-03T02:00Z,7.92,7.64,0.28
9444900,2026-10-03T03:00Z,7.97,7.63,0.34
9444900,2026-10-03T04:00Z,7.50,7.30,0.20
9444900,2026-10-03T05:00Z,6.61,6.40,0.21
9444900,2026-10-03T06:00Z,5.12,4.93,0.19
9444900,2026-10-03T07:00Z,3.25,3.11,0.14
9444900,2026-10-03T08:00Z,1.38,1.23,0.15
9444900,2026-10-03T09:00Z,0.00,-0.30,0.29
9444900,2026-10-03T10:00Z,-0.79,-1.12,0.34
9444900,2026-10-03T11:00Z,-0.79,-1.10,0.32
9444900,2026-10-03T12:00Z,-0.01,-0.36,0.35
9444900,2026-10-03T13:00Z,1.08,0.83,0.26
9444900,2026-10-03T14:00Z,2.50,2.22,0.27
9444900,2026-10-03T15:00Z,4.13,3.77,0.36
9444900,2026-10-03T16:00Z,5.72,5.34,0.38
9444900,2026-10-03T17:00Z,7.15,6.68,0.47
9444900,2026-10-03T18:00Z,8.01,7.59,0.42
9444900,2026-10-03T19:00Z,8.47,8.05,0.42
9444900,2026-10-03T20:00Z,8.50,8.08,0.42
9444900,2026-10-03T21:00Z,8.23,7.79,0.45
9444900,2026-10-03T22:00Z,7.68,7.39,0.29
9444900,2026-10-03T23:00Z,7.32,7.12,0.20
9444900,2026-10-04T00:00Z,7.20,7.05,0.15
9444900,2026-10-04T01:00Z,7.24,7.10,0.14
9444900,2026-10-04T02:00Z,7.40,7.16,0.24
9444900,2026-10-04T03:00Z,7.50,7.20,0.30
9444900,2026-10-04T04:00Z,7.45,7.18,0.26
9444900,2026-10-04T05:00Z,7.11,6.91,0.20
9444900,2026-10-04T06:00Z,6.40,6.15,0.25
9444900,2026-10-04T07:00Z,5.22,4.91,0.31
9444900,2026-10-04T08:00Z,3.70,3.33,0.36
9444900,2026-10-04T09:00Z,2.05,1.66,0.39
9444900,2026-10-04T10:00Z,0.58,0.23,0.35
9444900,2026-10-04T11:00Z,-0.25,-0.60,0.35
9444900,2026-10-04T12:00Z,-0.38,-0.68,0.31
9444900,2026-10-04T13:00Z,0.18,-0.11,0.29
9444900,2026-10-04T14:00Z,1.11,0.90,0.21
9444900,2026-10-04T15:00Z,2.39,2.17,0.22
9444900,2026-10-04T16:00Z,4.17,3.67,0.50
9444900,2026-10-04T17:00Z,5.65,5.25,0.40
9444900,2026-10-04T18:00Z,7.11,6.64,0.47
9444900,2026-10-04T19:00Z,8.08,7.65,0.43
9444900,2026-10-04T20:00Z,8.61,8.21,0.41
9444900,2026-10-04T21:00Z,8.61,8.25,0.36
9444900,2026-10-04T22:00Z,8.28,7.87,0.41
9444900,2026-10-04T23:00Z,7.58,7.32,0.26
9444900,2026-10-05T00:00Z,6.92,6.85,0.07
9444900,2026-10-05T01:00Z,6.68,6.59,0.09
9444900,2026-10-05T02:00Z,6.66,6.52,0.14
9444900,2026-10-05T03:00Z,6.73,6.52,0.21
9444900,2026-10-05T04:00Z,6.84,6.60,0.24
9444900,2026-10-05T05:00Z,6.94,6.71,0.23
9444900,2026-10-05T06:00Z,6.86,6.61,0.25
9444900,2026-10-05T07:00Z,6.51,6.10,0.41
9444900,2026-10-05T08:00Z,5.59,5.14,0.46
9444900,2026-10-05T09:00Z,4.30,3.81,0.49
9444900,2026-10-05T10:00Z,2.75,2.28,0.47
9444900,2026-10-05T11:00Z,1.25,0.89,0.36
9444900,2026-10-05T12:00Z,0.21,-0.01,0.21
9444900,2026-10-05T13:00Z,-0.11,-0.22,0.11
9444900,2026-10-05T14:00Z,0.35,0.21,0.14
9444900,2026-10-05T15:00Z,1.20,1.09,0.11
9444900,2026-10-05T16:00Z,2.48,2.29,0.19
9444900,2026-10-05T17:00Z,4.13,3.79,0.35
9444900,2026-10-05T18:00Z,5.70,5.40,0.30
9444900,2026-10-05T19:00Z,7.12,6.83,0.29
9444900,2026-10-05T20:00Z,8.20,7.87,0.33
9444900,2026-10-05T21:00Z,8.60,8.39,0.21
9444900,2026-10-05T22:00Z,8.71,8.29,0.42
9444900,2026-10-05T23:00Z,8.09,7.68,0.41
9444900,2026-10-06T00:00Z,7.07,6.87,0.20
9444900,2026-10-06T01:00Z,6.32,6.17,0.15
9444900,2026-10-06T02:00Z,5.73,5.77,-0.04
9444900,2026-10-06T03:00Z,5.73,5.65,0.08
9444900,2026-10-06T04:00Z,6.03,5.71,0.32
9444900,2026-10-06T05:00Z,6.21,5.94,0.27
9444900,2026-10-06T06:00Z,6.56,6.27,0.29
9444900,2026-10-06T07:00Z,6.74,6.43,0.31
9444900,2026-10-06T08:00Z,6.66,6.21,0.45
9444900,2026-10-06T09:00Z,6.04,5.53,0.51
9444900,2026-10-06T10:00Z,4.94,4.40,0.54
9444900,2026-10-06T11:00Z,3.47,2.96,0.50
9444900,2026-10-06T12:00Z,1.92,1.56,0.37
9444900,2026-10-06T13:00Z,0.75,0.59,0.16
9444900,2026-10-06T14:00Z,0.30,0.28,0.02
9444900,2026-10-06T15:00Z,0.68,0.64,0.05
9444900,2026-10-06T16:00Z,1.46,1.48,-0.02
9444900,2026-10-06T17:00Z,2.73,2.69,0.04
9444900,2026-10-06T18:00Z,4.47,4.22,0.25
9444900,2026-10-06T19:00Z,5.94,5.84,0.10
9444900,2026-10-06T20:00Z,7.40,7.23,0.17
9444900,2026-10-06T21:00Z,8.36,8.18,0.18
9444900,2026-10-06T22:00Z,8.59,8.49,0.10
9444900,2026-10-06T23:00Z,8.37,8.09,0.29
9444900,2026-10-07T00:00Z,7.32,7.13,0.20
9444900,2026-10-07T01:00Z,6.26,6.01,0.25
9444900,2026-10-07T02:00Z,5.21,5.13,0.09
9444900,2026-10-07T03:00Z,4.71,4.68,0.04
9444900,2026-10-07T04:00Z,4.88,4.62,0.26
9444900,2026-10-07T05:00Z,5.22,4.85,0.37
9444900,2026-10-07T06:00Z,5.77,5.33,0.44
9444900,2026-10-07T07:00Z,,5.94,
9444900,2026-10-07T08:00Z,,6.38,
9444900,2026-10-07T09:00Z,,6.44,
9444900,2026-10-07T10:00Z,,6.00,
9444900,2026-10-07T11:00Z,,5.00,
9444900,2026-10-07T12:00Z,,3.60,
9444900,2026-10-07T13:00Z,,2.17,
9444900,2026-10-07T14:00Z,,1.18,
9444900,2026-10-07T15:00Z,,0.88,
9444900,2026-10-07T16:00Z,,1.27,
9444900,2026-10-07T17:00Z,,2.15,
9444900,2026-10-07T18:00Z,,3.41,
9444900,2026-10-07T19:00Z,,4.95,
9444900,2026-10-07T20:00Z,,6.51,
9444900,2026-10-07T21:00Z,,7.75,
9444900,2026-10-07T22:00Z,,8.44,
9444900,2026-10-07T23:00Z,,8.38,
9444900,2026-10-08T00:00Z,,7.53,
9444900,2026-10-08T01:00Z,,6.16,
9444900,2026-10-08T02:00Z,,4.78,
9444900,2026-10-08T03:00Z,,3.82,
9444900,2026-10-08T04:00Z,,3.46,
9444900,2026-10-08T05:00Z,,3.59,
9444900,2026-10-08T06:00Z,,4.08,
9444900,2026-10-08T07:00Z,,4.86,
9444900,2026-10-08T08:00Z,,5.75,
9444900,2026-10-08T09:00Z,,6.46,
9444900,2026-10-08T10:00Z,,6.75,
9444900,2026-10-08T11:00Z,,6.47,
9444900,2026-10-08T12:00Z,,5.54,
9444900,2026-10-08T13:00Z,,4.14,
9444900,2026-10-08T14:00Z,,2.74,
9444900,2026-10-08T15:00Z,,1.82,
9444900,2026-10-08T16:00Z,,1.64,
9444900,2026-10-08T17:00Z,,2.14,
9444900,2026-10-08T18:00Z,,3.10,
9444900,2026-10-08T19:00Z,,4.39,
9444900,2026-10-08T20:00Z,,5.88,
9444900,2026-10-08T21:00Z,,7.26,
9444900,2026-10-08T22:00Z,,8.20,
9444900,2026-10-08T23:00Z,,8.47,
9444900,2026-10-09T00:00Z,,7.91,
9444900,2026-10-09T01:00Z,,6.56,
9444900,2026-10-09T02:00Z,,4.83,
9444900,2026-10-09T03:00Z,,3.32,
9444900,2026-10-09T04:00Z,,2.44,
9444900,2026-10-09T05:00Z,,2.31,
9444900,2026-10-09T06:00Z,,2.73,
9444900,2026-10-09T07:00Z,,3.52,
9444900,2026-10-09T08:00Z,,4.59,
9444900,2026-10-09T09:00Z,,5.75,
9444900,2026-10-09T10:00Z,,6.67,
9444900,2026-10-09T11:00Z,,7.12,
9444900,2026-10-09T12:00Z,,6.91,
9444900,2026-10-09T13:00Z,,5.99,
9444900,2026-10-09T14:00Z,,4.61,
9444900,2026-10-09T15:00Z,,3.31,
9444900,2026-10-09T16:00Z,,2.57,
9444900,2026-10-09T17:00Z,,2.59,
9444900,2026-10-09T18:00Z,,3.22,
9444900,2026-10-09T19:00Z,,4.23,
9444900,2026-10-09T20:00Z,,5.48,
9444900,2026-10-09T21:00Z,,6.81,
9444900,2026-10-09T22:00Z,,7.89,
9444900,2026-10-09T23:00Z,,8.40,
9444900,2026-10-10T00:00Z,,8.14,
9444900,2026-10-10T01:00Z,,7.01,
9444900,2026-10-10T02:00Z,,5.21,
9444900,2026-10-10T03:00Z,,3.28,
9444900,2026-10-10T04:00Z,,1.82,
9444900,2026-10-10T05:00Z,,1.20,
9444900,2026-10-10T06:00Z,,1.40,
9445958,2026-09-30T06:00Z,5.00,4.16,0.84
9445958,2026-09-30T07:00Z,2.27,1.59,0.68
9445958,2026-09-30T08:00Z,0.18,-0.37,0.55
9445958,2026-09-30T09:00Z,-0.70,-1.17,0.47
9445958,2026-09-30T10:00Z,0.42,-0.39,0.81
9445958,2026-09-30T11:00Z,2.33,1.74,0.59
9445958,2026-09-30T12:00Z,4.83,4.52,0.31
9445958,2026-09-30T13:00Z,7.66,7.30,0.36
9445958,2026-09-30T14:00Z,9.93,9.61,0.31
9445958,2026-09-30T15:00Z,11.18,11.00,0.17
9445958,2026-09-30T16:00Z,11.43,11.29,0.14
9445958,2026-09-30T17:00Z,10.83,10.65,0.18
9445958,2026-09-30T18:00Z,9.87,9.45,0.42
9445958,2026-09-30T19:00Z,8.70,8.08,0.62
9445958,2026-09-30T20:00Z,7.43,6.87,0.56
9445958,2026-09-30T21:00Z,6.79,6.17,0.61
9445958,2026-09-30T22:00Z,7.04,6.37,0.67
9445958,2026-09-30T23:00Z,8.16,7.48,0.68
9445958,2026-10-01T00:00Z,9.51,8.97,0.54
9445958,2026-10-01T01:00Z,10.83,10.28,0.55
9445958,2026-10-01T02:00Z,11.79,11.09,0.71
9445958,2026-10-01T03:00Z,11.77,11.11,0.65
9445958,2026-10-01T04:00Z,10.66,10.13,0.53
9445958,2026-10-01T05:00Z,8.82,8.23,0.59
9445958,2026-10-01T06:00Z,6.43,5.75,0.68
9445958,2026-10-01T07:00Z,3.69,3.12,0.57
9445958,2026-10-01T08:00Z,1.20,0.75,0.45
9445958,2026-10-01T09:00Z,-0.55,-0.91,0.35
9445958,2026-10-01T10:00Z,-0.84,-1.35,0.51
9445958,2026-10-01T11:00Z,0.48,-0.28,0.77
9445958,2026-10-01T12:00Z,2.48,1.97,0.51
9445958,2026-10-01T13:00Z,5.12,4.71,0.41
9445958,2026-10-01T14:00Z,7.83,7.38,0.44
9445958,2026-10-01T15:00Z,9.92,9.57,0.35
9445958,2026-10-01T16:00Z,11.09,10.86,0.23
9445958,2026-10-01T17:00Z,11.45,11.14,0.31
9445958,2026-10-01T18:00Z,11.04,10.61,0.43
9445958,2026-10-01T19:00Z,10.25,9.64,0.61
9445958,2026-10-01T20:00Z,9.28,8.55,0.73
9445958,2026-10-01T21:00Z,8.30,7.60,0.70
9445958,2026-10-01T22:00Z,7.77,7.08,0.69
9445958,2026-10-01T23:00Z,8.06,7.33,0.73
9445958,2026-10-02T00:00Z,8.89,8.27,0.62
9445958,2026-10-02T01:00Z,9.88,9.40,0.48
9445958,2026-10-02T02:00Z,10.78,10.30,0.48
9445958,2026-10-02T03:00Z,11.42,10.75,0.67
9445958,2026-10-02T04:00Z,11.09,10.49,0.61
9445958,2026-10-02T05:00Z,9.88,9.34,0.54
9445958,2026-10-02T06:00Z,7.99,7.43,0.57
9445958,2026-10-02T07:00Z,5.64,5.06,0.57
9445958,2026-10-02T08:00Z,3.05,2.64,0.41
9445958,2026-10-02T09:00Z,0.78,0.52,0.26
9445958,2026-10-02T10:00Z,-0.66,-0.91,0.25
9445958,2026-10-02T11:00Z,-0.61,-1.17,0.56
9445958,2026-10-02T12:00Z,0.65,-0.04,0.69
9445958,2026-10-02T13:00Z,2.60,2.12,0.48
9445958,2026-10-02T14:00Z,5.17,4.68,0.49
9445958,2026-10-02T15:00Z,7.71,7.20,0.50
9445958,2026-10-02T16:00Z,9.72,9.29,0.43
9445958,2026-10-02T17:00Z,10.94,10.56,0.38
9445958,2026-10-02T18:00Z,11.35,10.93,0.42
9445958,2026-10-02T19:00Z,11.11,10.61,0.50
9445958,2026-10-02T20:00Z,10.50,9.90,0.60
9445958,2026-10-02T21:00Z,9.71,9.06,0.65
9445958,2026-10-02T22:00Z,8.82,8.25,0.57
9445958,2026-10-02T23:00Z,8.30,7.76,0.53
9445958,2026-10-03T00:00Z,8.40,7.89,0.52
9445958,2026-10-03T01:00Z,8.91,8.53,0.37
9445958,2026-10-03T02:00Z,9.58,9.29,0.29
9445958,2026-10-03T03:00Z,10.12,9.88,0.24
9445958,2026-10-03T04:00Z,10.46,10.13,0.33
9445958,2026-10-03T05:00Z,10.15,9.81,0.34
9445958,2026-10-03T06:00Z,8.98,8.74,0.24
9445958,2026-10-03T07:00Z,7.21,7.00,0.21
9445958,2026-10-03T08:00Z,5.10,4.90,0.20
9445958,2026-10-03T09:00Z,2.83,2.73,0.09
9445958,2026-10-03T10:00Z,0.83,0.80,0.03
9445958,2026-10-03T11:00Z,-0.42,-0.54,0.12
9445958,2026-10-03T12:00Z,-0.41,-0.80,0.39
9445958,2026-10-03T13:00Z,0.74,0.21,0.54
9445958,2026-10-03T14:00Z,2.54,2.13,0.41
9445958,2026-10-03T15:00Z,4.92,4.47,0.46
9445958,2026-10-03T16:00Z,7.36,6.85,0.50
9445958,2026-10-03T17:00Z,9.39,8.91,0.49
9445958,2026-10-03T18:00Z,10.78,10.24,0.54
9445958,2026-10-03T19:00Z,11.38,10.78,0.59
9445958,2026-10-03T20:00Z,11.31,10.70,0.61
9445958,2026-10-03T21:00Z,10.79,10.22,0.57
9445958,2026-10-03T22:00Z,10.03,9.51,0.52
9445958,2026-10-03T23:00Z,9.21,8.69,0.52
9445958,2026-10-04T00:00Z,8.52,8.05,0.48
9445958,2026-10-04T01:00Z,8.30,7.91,0.39
9445958,2026-10-04T02:00Z,8.52,8.23,0.29
9445958,2026-10-04T03:00Z,9.01,8.69,0.32
9445958,2026-10-04T04:00Z,9.43,9.13,0.30
9445958,2026-10-04T05:00Z,9.73,9.42,0.31
9445958,2026-10-04T06:00Z,9.58,9.26,0.32
9445958,2026-10-04T07:00Z,8.73,8.44,0.30
9445958,2026-10-04T08:00Z,7.25,7.02,0.23
9445958,2026-10-04T09:00Z,5.48,5.21,0.27
9445958,2026-10-04T10:00Z,3.43,3.26,0.17
9445958,2026-10-04T11:00Z,1.52,1.41,0.11
9445958,2026-10-04T12:00Z,0.16,0.02,0.14
9445958,2026-10-04T13:00Z,-0.07,-0.38,0.31
9445958,2026-10-04T14:00Z,0.81,0.39,0.42
9445958,2026-10-04T15:00Z,2.38,2.05,0.33
9445958,2026-10-04T16:00Z,4.54,4.19,0.35
9445958,2026-10-04T17:00Z,7.03,6.53,0.50
9445958,2026-10-04T18:00Z,9.21,8.63,0.58
9445958,2026-10-04T19:00Z,10.79,10.10,0.70
9445958,2026-10-04T20:00Z,11.52,10.82,0.70
9445958,2026-10-04T21:00Z,11.59,10.91,0.68
9445958,2026-10-04T22:00Z,10.97,10.53,0.45
9445958,2026-10-04T23:00Z,10.16,9.76,0.40
9445958,2026-10-05T00:00Z,9.16,8.74,0.42
9445958,2026-10-05T01:00Z,8.15,7.82,0.34
9445958,2026-10-05T02:00Z,7.55,7.38,0.18
9445958,2026-10-05T03:00Z,7.61,7.41,0.20
9445958,2026-10-05T04:00Z,8.04,7.73,0.31
9445958,2026-10-05T05:00Z,8.63,8.24,0.39
9445958,2026-10-05T06:00Z,9.11,8.77,0.35
9445958,2026-10-05T07:00Z,9.32,8.93,0.39
9445958,2026-10-05T08:00Z,8.90,8.47,0.43
9445958,2026-10-05T09:00Z,7.83,7.40,0.43
9445958,2026-10-05T10:00Z,6.26,5.85,0.41
9445958,2026-10-05T11:00Z,4.40,4.02,0.38
9445958,2026-10-05T12:00Z,2.46,2.13,0.33
9445958,2026-10-05T13:00Z,0.87,0.60,0.27
9445958,2026-10-05T14:00Z,0.20,0.00,0.20
9445958,2026-10-05T15:00Z,0.77,0.55,0.22
9445958,2026-10-05T16:00Z,2.23,2.00,0.23
9445958,2026-10-05T17:00Z,4.29,4.07,0.22
9445958,2026-10-05T18:00Z,6.82,6.45,0.37
9445958,2026-10-05T19:00Z,9.19,8.66,0.53
9445958,2026-10-05T20:00Z,10.91,10.24,0.67
9445958,2026-10-05T21:00Z,11.74,11.05,0.68
9445958,2026-10-05T22:00Z,11.71,11.16,0.55
9445958,2026-10-05T23:00Z,10.99,10.67,0.32
9445958,2026-10-06T00:00Z,10.02,9.65,0.37
9445958,2026-10-06T01:00Z,8.71,8.29,0.42
9445958,2026-10-06T02:00Z,7.44,7.03,0.40
9445958,2026-10-06T03:00Z,6.54,6.33,0.21
9445958,2026-10-06T04:00Z,6.49,6.23,0.26
9445958,2026-10-06T05:00Z,7.06,6.61,0.45
9445958,2026-10-06T06:00Z,7.93,7.40,0.53
9445958,2026-10-06T07:00Z,8.75,8.31,0.44
9445958,2026-10-06T08:00Z,9.44,8.88,0.55
9445958,2026-10-06T09:00Z,9.44,8.79,0.65
9445958,2026-10-06T10:00Z,8.60,8.00,0.60
9445958,2026-10-06T11:00Z,7.12,6.61,0.51
9445958,2026-10-06T12:00Z,5.33,4.80,0.53
9445958,2026-10-06T13:00Z,3.29,2.80,0.48
9445958,2026-10-06T14:00Z,1.48,1.12,0.36
9445958,2026-10-06T15:00Z,0.55,0.38,0.17
9445958,2026-10-06T16:00Z,0.94,0.80,0.14
9445958,2026-10-06T17:00Z,2.36,2.19,0.16
9445958,2026-10-06T18:00Z,4.45,4.31,0.14
9445958,2026-10-06T19:00Z,7.04,6.79,0.25
9445958,2026-10-06T20:00Z,9.54,9.08,0.46
9445958,2026-10-06T21:00Z,11.31,10.67,0.64
9445958,2026-10-06T22:00Z,12.05,11.39,0.66
9445958,2026-10-06T23:00Z,11.82,11.31,0.51
9445958,2026-10-07T00:00Z,10.75,10.50,0.25
9445958,2026-10-07T01:00Z,9.40,9.07,0.33
9445958,2026-10-07T02:00Z,7.78,7.30,0.48
9445958,2026-10-07T03:00Z,6.18,5.76,0.42
9445958,2026-10-07T04:00Z,5.25,4.93,0.32
9445958,2026-10-07T05:00Z,5.34,4.89,0.45
9445958,2026-10-07T06:00Z,6.23,5.55,0.69
9445958,2026-10-07T07:00Z,,6.77,
9445958,2026-10-07T08:00Z,,8.14,
9445958,2026-10-07T09:00Z,,9.09,
9445958,2026-10-07T10:00Z,,9.27,
9445958,2026-10-07T11:00Z,,8.64,
9445958,2026-10-07T12:00Z,,7.32,
9445958,2026-10-07T13:00Z,,5.46,
9445958,2026-10-07T14:00Z,,3.36,
9445958,2026-10-07T15:00Z,,1.61,
9445958,2026-10-07T16:00Z,,0.85,
9445958,2026-10-07T17:00Z,,1.30,
9445958,2026-10-07T18:00Z,,2.78,
9445958,2026-10-07T19:00Z,,5.02,
9445958,2026-10-07T20:00Z,,7.59,
9445958,2026-10-07T21:00Z,,9.82,
9445958,2026-10-07T22:00Z,,11.22,
9445958,2026-10-07T23:00Z,,11.63,
9445958,2026-10-08T00:00Z,,11.14,
9445958,2026-10-08T01:00Z,,9.87,
9445958,2026-10-08T02:00Z,,7.97,
9445958,2026-10-08T03:00Z,,5.85,
9445958,2026-10-08T04:00Z,,4.17,
9445958,2026-10-08T05:00Z,,3.42,
9445958,2026-10-08T06:00Z,,3.66,
9445958,2026-10-08T07:00Z,,4.76,
9445958,2026-10-08T08:00Z,,6.49,
9445958,2026-10-08T09:00Z,,8.27,
9445958,2026-10-08T10:00Z,,9.48,
9445958,2026-10-08T11:00Z,,9.79,
9445958,2026-10-08T12:00Z,,9.20,
9445958,2026-10-08T13:00Z,,7.86,
9445958,2026-10-08T14:00Z,,5.96,
9445958,2026-10-08T15:00Z,,3.84,
9445958,2026-10-08T16:00Z,,2.15,
9445958,2026-10-08T17:00Z,,1.54,
9445958,2026-10-08T18:00Z,,2.16,
9445958,2026-10-08T19:00Z,,3.80,
9445958,2026-10-08T20:00Z,,6.16,
9445958,2026-10-08T21:00Z,,8.68,
9445958,2026-10-08T22:00Z,,10.67,
9445958,2026-10-08T23:00Z,,11.64,
9445958,2026-10-09T00:00Z,,11.55,
9445958,2026-10-09T01:00Z,,10.52,
9445958,2026-10-09T02:00Z,,8.74,
9445958,2026-10-09T03:00Z,,6.43,
9445958,2026-10-09T04:00Z,,4.10,
9445958,2026-10-09T05:00Z,,2.50,
9445958,2026-10-09T06:00Z,,2.07,
9445958,2026-10-09T07:00Z,,2.77,
9445958,2026-10-09T08:00Z,,4.41,
9445958,2026-10-09T09:00Z,,6.60,
9445958,2026-10-09T10:00Z,,8.65,
9445958,2026-10-09T11:00Z,,9.95,
9445958,2026-10-09T12:00Z,,10.24,
9445958,2026-10-09T13:00Z,,9.61,
9445958,2026-10-09T14:00Z,,8.24,
9445958,2026-10-09T15:00Z,,6.33,
9445958,2026-10-09T16:00Z,,4.29,
9445958,2026-10-09T17:00Z,,2.82,
9445958,2026-10-09T18:00Z,,2.49,
9445958,2026-10-09T19:00Z,,3.36,
9445958,2026-10-09T20:00Z,,5.17,
9445958,2026-10-09T21:00Z,,7.53,
9445958,2026-10-09T22:00Z,,9.81,
9445958,2026-10-09T23:00Z,,11.32,
9445958,2026-10-10T00:00Z,,11.71,
9445958,2026-10-10T01:00Z,,11.01,
9445958,2026-10-10T02:00Z,,9.42,
9445958,2026-10-10T03:00Z,,7.18,
9445958,2026-10-10T04:00Z,,4.61,
9445958,2026-10-10T05:00Z,,2.31,
9445958,2026-10-10T06:00Z,,1.04,
9447130,2026-09-30T06:00Z,3.89,3.19,0.70
9447130,2026-09-30T07:00Z,1.26,0.60,0.67
9447130,2026-09-30T08:00Z,-0.37,-1.11,0.73
9447130,2026-09-30T09:00Z,-0.56,-1.39,0.83
9447130,2026-09-30T10:00Z,0.67,-0.13,0.81
9447130,2026-09-30T11:00Z,2.76,2.24,0.53
9447130,2026-09-30T12:00Z,5.46,5.06,0.41
9447130,2026-09-30T13:00Z,8.03,7.73,0.31
9447130,2026-09-30T14:00Z,9.91,9.76,0.15
9447130,2026-09-30T15:00Z,10.96,10.84,0.12
9447130,2026-09-30T16:00Z,11.03,10.92,0.11
9447130,2026-09-30T17:00Z,10.50,10.22,0.28
9447130,2026-09-30T18:00Z,9.60,9.06,0.54
9447130,2026-09-30T19:00Z,8.30,7.76,0.53
9447130,2026-09-30T20:00Z,7.20,6.72,0.48
9447130,2026-09-30T21:00Z,6.77,6.31,0.46
9447130,2026-09-30T22:00Z,7.11,6.75,0.36
9447130,2026-09-30T23:00Z,8.20,7.85,0.36
9447130,2026-10-01T00:00Z,9.47,9.18,0.29
9447130,2026-10-01T01:00Z,10.74,10.33,0.41
9447130,2026-10-01T02:00Z,11.51,10.96,0.55
9447130,2026-10-01T03:00Z,11.31,10.78,0.53
9447130,2026-10-01T04:00Z,10.21,9.61,0.60
9447130,2026-10-01T05:00Z,8.23,7.57,0.67
9447130,2026-10-01T06:00Z,5.49,4.96,0.54
9447130,2026-10-01T07:00Z,2.58,2.21,0.38
9447130,2026-10-01T08:00Z,0.27,-0.15,0.42
9447130,2026-10-01T09:00Z,-0.89,-1.51,0.62
9447130,2026-10-01T10:00Z,-0.68,-1.45,0.76
9447130,2026-10-01T11:00Z,0.78,0.04,0.74
9447130,2026-10-01T12:00Z,2.97,2.48,0.49
9447130,2026-10-01T13:00Z,5.65,5.23,0.42
9447130,2026-10-01T14:00Z,8.08,7.76,0.31
9447130,2026-10-01T15:00Z,9.87,9.66,0.22
9447130,2026-10-01T16:00Z,10.83,10.65,0.19
9447130,2026-10-01T17:00Z,11.08,10.76,0.33
9447130,2026-10-01T18:00Z,10.68,10.22,0.46
9447130,2026-10-01T19:00Z,10.03,9.32,0.71
9447130,2026-10-01T20:00Z,9.03,8.32,0.71
9447130,2026-10-01T21:00Z,8.12,7.53,0.59
9447130,2026-10-01T22:00Z,7.74,7.27,0.47
9447130,2026-10-01T23:00Z,8.08,7.67,0.41
9447130,2026-10-02T00:00Z,8.86,8.53,0.33
9447130,2026-10-02T01:00Z,9.78,9.50,0.27
9447130,2026-10-02T02:00Z,10.67,10.26,0.41
9447130,2026-10-02T03:00Z,11.11,10.56,0.55
9447130,2026-10-02T04:00Z,10.67,10.13,0.55
9447130,2026-10-02T05:00Z,9.43,8.84,0.59
9447130,2026-10-02T06:00Z,7.42,6.82,0.60
9447130,2026-10-02T07:00Z,4.74,4.35,0.39
9447130,2026-10-02T08:00Z,2.07,1.82,0.25
9447130,2026-10-02T09:00Z,0.08,-0.27,0.35
9447130,2026-10-02T10:00Z,-0.85,-1.38,0.54
9447130,2026-10-02T11:00Z,-0.48,-1.16,0.69
9447130,2026-10-02T12:00Z,0.92,0.33,0.59
9447130,2026-10-02T13:00Z,3.04,2.64,0.40
9447130,2026-10-02T14:00Z,5.64,5.20,0.44
9447130,2026-10-02T15:00Z,7.98,7.56,0.43
9447130,2026-10-02T16:00Z,9.72,9.33,0.39
9447130,2026-10-02T17:00Z,10.69,10.32,0.37
9447130,2026-10-02T18:00Z,11.03,10.56,0.46
9447130,2026-10-02T19:00Z,10.82,10.27,0.56
9447130,2026-10-02T20:00Z,10.27,9.64,0.62
9447130,2026-10-02T21:00Z,9.45,8.88,0.57
9447130,2026-10-02T22:00Z,8.65,8.22,0.43
9447130,2026-10-02T23:00Z,8.25,7.94,0.32
9447130,2026-10-03T00:00Z,8.36,8.14,0.22
9447130,2026-10-03T01:00Z,8.82,8.68,0.14
9447130,2026-10-03T02:00Z,9.44,9.30,0.14
9447130,2026-10-03T03:00Z,9.95,9.79,0.16
9447130,2026-10-03T04:00Z,10.17,9.93,0.24
9447130,2026-10-03T05:00Z,9.75,9.47,0.28
9447130,2026-10-03T06:00Z,8.53,8.28,0.25
9447130,2026-10-03T07:00Z,6.69,6.47,0.22
9447130,2026-10-03T08:00Z,4.38,4.27,0.11
9447130,2026-10-03T09:00Z,2.04,2.01,0.04
9447130,2026-10-03T10:00Z,0.28,0.12,0.16
9447130,2026-10-03T11:00Z,-0.56,-0.90,0.33
9447130,2026-10-03T12:00Z,-0.28,-0.71,0.43
9447130,2026-10-03T13:00Z,0.98,0.61,0.37
9447130,2026-10-03T14:00Z,2.94,2.66,0.28
9447130,2026-10-03T15:00Z,5.36,4.99,0.37
9447130,2026-10-03T16:00Z,7.61,7.20,0.41
9447130,2026-10-03T17:00Z,9.40,8.94,0.46
9447130,2026-10-03T18:00Z,10.56,10.02,0.54
9447130,2026-10-03T19:00Z,11.07,10.47,0.60
9447130,2026-10-03T20:00Z,11.00,10.42,0.57
9447130,2026-10-03T21:00Z,10.52,10.01,0.51
9447130,2026-10-03T22:00Z,9.79,9.34,0.45
9447130,2026-10-03T23:00Z,8.98,8.64,0.34
9447130,2026-10-04T00:00Z,8.41,8.16,0.25
9447130,2026-10-04T01:00Z,8.22,8.07,0.15
9447130,2026-10-04T02:00Z,8.43,8.28,0.15
9447130,2026-10-04T03:00Z,8.85,8.65,0.21
9447130,2026-10-04T04:00Z,9.27,9.04,0.23
9447130,2026-10-04T05:00Z,9.50,9.23,0.27
9447130,2026-10-04T06:00Z,9.26,8.95,0.31
9447130,2026-10-04T07:00Z,8.34,8.04,0.30
9447130,2026-10-04T08:00Z,6.83,6.56,0.27
9447130,2026-10-04T09:00Z,4.86,4.66,0.20
9447130,2026-10-04T10:00Z,2.75,2.61,0.14
9447130,2026-10-04T11:00Z,0.95,0.81,0.14
9447130,2026-10-04T12:00Z,-0.03,-0.26,0.23
9447130,2026-10-04T13:00Z,0.03,-0.25,0.28
9447130,2026-10-04T14:00Z,1.01,0.81,0.20
9447130,2026-10-04T15:00Z,2.69,2.59,0.11
9447130,2026-10-04T16:00Z,4.99,4.73,0.26
9447130,2026-10-04T17:00Z,7.36,6.88,0.48
9447130,2026-10-04T18:00Z,9.26,8.68,0.58
9447130,2026-10-04T19:00Z,10.61,9.91,0.69
9447130,2026-10-04T20:00Z,11.23,10.56,0.67
9447130,2026-10-04T21:00Z,11.19,10.69,0.50
9447130,2026-10-04T22:00Z,10.70,10.33,0.37
9447130,2026-10-04T23:00Z,9.88,9.57,0.31
9447130,2026-10-05T00:00Z,8.90,8.64,0.26
9447130,2026-10-05T01:00Z,7.97,7.86,0.11
9447130,2026-10-05T02:00Z,7.50,7.44,0.06
9447130,2026-10-05T03:00Z,7.56,7.41,0.16
9447130,2026-10-05T04:00Z,7.96,7.69,0.27
9447130,2026-10-05T05:00Z,8.49,8.19,0.30
9447130,2026-10-05T06:00Z,8.94,8.63,0.32
9447130,2026-10-05T07:00Z,9.05,8.67,0.37
9447130,2026-10-05T08:00Z,8.59,8.14,0.45
9447130,2026-10-05T09:00Z,7.45,6.99,0.46
9447130,2026-10-05T10:00Z,5.79,5.34,0.44
9447130,2026-10-05T11:00Z,3.78,3.41,0.38
9447130,2026-10-05T12:00Z,1.86,1.58,0.29
9447130,2026-10-05T13:00Z,0.55,0.37,0.19
9447130,2026-10-05T14:00Z,0.20,0.15,0.04
9447130,2026-10-05T15:00Z,0.97,0.96,0.01
9447130,2026-10-05T16:00Z,2.50,2.55,-0.04
9447130,2026-10-05T17:00Z,4.73,4.62,0.11
9447130,2026-10-05T18:00Z,7.18,6.82,0.36
9447130,2026-10-05T19:00Z,9.32,8.73,0.59
9447130,2026-10-05T20:00Z,10.75,10.10,0.65
9447130,2026-10-05T21:00Z,11.43,10.85,0.58
9447130,2026-10-05T22:00Z,11.31,10.97,0.34
9447130,2026-10-05T23:00Z,10.72,10.46,0.26
9447130,2026-10-06T00:00Z,9.71,9.41,0.29
9447130,2026-10-06T01:00Z,8.36,8.12,0.23
9447130,2026-10-06T02:00Z,7.18,7.00,0.18
9447130,2026-10-06T03:00Z,6.50,6.34,0.17
9447130,2026-10-06T04:00Z,6.49,6.22,0.27
9447130,2026-10-06T05:00Z,7.07,6.63,0.44
9447130,2026-10-06T06:00Z,7.83,7.41,0.41
9447130,2026-10-06T07:00Z,8.68,8.23,0.45
9447130,2026-10-06T08:00Z,9.19,8.67,0.52
9447130,2026-10-06T09:00Z,9.11,8.49,0.62
9447130,2026-10-06T10:00Z,8.21,7.62,0.59
9447130,2026-10-06T11:00Z,6.69,6.12,0.57
9447130,2026-10-06T12:00Z,4.70,4.19,0.51
9447130,2026-10-06T13:00Z,2.63,2.27,0.36
9447130,2026-10-06T14:00Z,1.06,0.91,0.15
9447130,2026-10-06T15:00Z,0.48,0.52,-0.05
9447130,2026-10-06T16:00Z,1.13,1.19,-0.07
9447130,2026-10-06T17:00Z,2.61,2.74,-0.13
9447130,2026-10-06T18:00Z,4.91,4.86,0.05
9447130,2026-10-06T19:00Z,7.47,7.16,0.31
9447130,2026-10-06T20:00Z,9.71,9.16,0.55
9447130,2026-10-06T21:00Z,11.13,10.55,0.58
9447130,2026-10-06T22:00Z,11.70,11.21,0.48
9447130,2026-10-06T23:00Z,11.36,11.11,0.25
9447130,2026-10-07T00:00Z,10.44,10.23,0.20
9447130,2026-10-07T01:00Z,9.03,8.75,0.28
9447130,2026-10-07T02:00Z,7.30,7.06,0.24
9447130,2026-10-07T03:00Z,5.84,5.67,0.17
9447130,2026-10-07T04:00Z,5.18,4.92,0.26
9447130,2026-10-07T05:00Z,5.42,4.93,0.48
9447130,2026-10-07T06:00Z,6.30,5.66,0.63
9447130,2026-10-07T07:00Z,,6.88,
9447130,2026-10-07T08:00Z,,8.12,
9447130,2026-10-07T09:00Z,,8.91,
9447130,2026-10-07T10:00Z,,8.99,
9447130,2026-10-07T11:00Z,,8.28,
9447130,2026-10-07T12:00Z,,6.82,
9447130,2026-10-07T13:00Z,,4.85,
9447130,2026-10-07T14:00Z,,2.84,
9447130,2026-10-07T15:00Z,,1.39,
9447130,2026-10-07T16:00Z,,0.97,
9447130,2026-10-07T17:00Z,,1.67,
9447130,2026-10-07T18:00Z,,3.30,
9447130,2026-10-07T19:00Z,,5.55,
9447130,2026-10-07T20:00Z,,7.92,
9447130,2026-10-07T21:00Z,,9.88,
9447130,2026-10-07T22:00Z,,11.10,
9447130,2026-10-07T23:00Z,,11.44,
9447130,2026-10-08T00:00Z,,10.90,
9447130,2026-10-08T01:00Z,,9.51,
9447130,2026-10-08T02:00Z,,7.55,
9447130,2026-10-08T03:00Z,,5.54,
9447130,2026-10-08T04:00Z,,4.04,
9447130,2026-10-08T05:00Z,,3.44,
9447130,2026-10-08T06:00Z,,3.80,
9447130,2026-10-08T07:00Z,,5.00,
9447130,2026-10-08T08:00Z,,6.68,
9447130,2026-10-08T09:00Z,,8.29,
9447130,2026-10-08T10:00Z,,9.32,
9447130,2026-10-08T11:00Z,,9.52,
9447130,2026-10-08T12:00Z,,8.84,
9447130,2026-10-08T13:00Z,,7.36,
9447130,2026-10-08T14:00Z,,5.34,
9447130,2026-10-08T15:00Z,,3.31,
9447130,2026-10-08T16:00Z,,1.93,
9447130,2026-10-08T17:00Z,,1.64,
9447130,2026-10-08T18:00Z,,2.49,
9447130,2026-10-08T19:00Z,,4.29,
9447130,2026-10-08T20:00Z,,6.64,
9447130,2026-10-08T21:00Z,,8.95,
9447130,2026-10-08T22:00Z,,10.67,
9447130,2026-10-08T23:00Z,,11.48,
9447130,2026-10-09T00:00Z,,11.32,
9447130,2026-10-09T01:00Z,,10.19,
9447130,2026-10-09T02:00Z,,8.25,
9447130,2026-10-09T03:00Z,,5.89,
9447130,2026-10-09T04:00Z,,3.73,
9447130,2026-10-09T05:00Z,,2.39,
9447130,2026-10-09T06:00Z,,2.16,
9447130,2026-10-09T07:00Z,,3.04,
9447130,2026-10-09T08:00Z,,4.77,
9447130,2026-10-09T09:00Z,,6.85,
9447130,2026-10-09T10:00Z,,8.69,
9447130,2026-10-09T11:00Z,,9.79,
9447130,2026-10-09T12:00Z,,9.99,
9447130,2026-10-09T13:00Z,,9.26,
9447130,2026-10-09T14:00Z,,7.73,
9447130,2026-10-09T15:00Z,,5.71,
9447130,2026-10-09T16:00Z,,3.79,
9447130,2026-10-09T17:00Z,,2.62,
9447130,2026-10-09T18:00Z,,2.58,
9447130,2026-10-09T19:00Z,,3.67,
9447130,2026-10-09T20:00Z,,5.60,
9447130,2026-10-09T21:00Z,,7.91,
9447130,2026-10-09T22:00Z,,9.97,
9447130,2026-10-09T23:00Z,,11.24,
9447130,2026-10-10T00:00Z,,11.48,
9447130,2026-10-10T01:00Z,,10.69,
9447130,2026-10-10T02:00Z,,8.96,
9447130,2026-10-10T03:00Z,,6.56,
9447130,2026-10-10T04:00Z,,3.98,
9447130,2026-10-10T05:00Z,,1.93,
9447130,2026-10-10T06:00Z,,0.98,
9446484,2026-09-30T06:00Z,3.96,3.46,0.50
9446484,2026-09-30T07:00Z,1.32,0.72,0.60
9446484,2026-09-30T08:00Z,-0.39,-1.06,0.68
9446484,2026-09-30T09:00Z,-0.73,-1.38,0.65
9446484,2026-09-30T10:00Z,0.53,-0.12,0.65
9446484,2026-09-30T11:00Z,2.78,2.32,0.46
9446484,2026-09-30T12:00Z,5.61,5.26,0.35
9446484,2026-09-30T13:00Z,8.36,8.05,0.31
9446484,2026-09-30T14:00Z,10.30,10.14,0.16
9446484,2026-09-30T15:00Z,11.36,11.24,0.12
9446484,2026-09-30T16:00Z,11.54,11.32,0.22
9446484,2026-09-30T17:00Z,10.94,10.61,0.33
9446484,2026-09-30T18:00Z,9.91,9.39,0.53
9446484,2026-09-30T19:00Z,8.49,8.01,0.48
9446484,2026-09-30T20:00Z,7.28,6.89,0.39
9446484,2026-09-30T21:00Z,6.80,6.43,0.37
9446484,2026-09-30T22:00Z,7.10,6.82,0.28
9446484,2026-09-30T23:00Z,8.29,7.94,0.35
9446484,2026-10-01T00:00Z,9.67,9.40,0.28
9446484,2026-10-01T01:00Z,11.04,10.72,0.32
9446484,2026-10-01T02:00Z,11.96,11.50,0.46
9446484,2026-10-01T03:00Z,11.84,11.38,0.47
9446484,2026-10-01T04:00Z,10.66,10.20,0.46
9446484,2026-10-01T05:00Z,8.60,8.08,0.52
9446484,2026-10-01T06:00Z,5.70,5.33,0.37
9446484,2026-10-01T07:00Z,2.72,2.41,0.31
9446484,2026-10-01T08:00Z,0.35,-0.07,0.42
9446484,2026-10-01T09:00Z,-0.93,-1.49,0.57
9446484,2026-10-01T10:00Z,-0.76,-1.44,0.69
9446484,2026-10-01T11:00Z,0.70,0.07,0.64
9446484,2026-10-01T12:00Z,3.02,2.58,0.44
9446484,2026-10-01T13:00Z,5.90,5.45,0.45
9446484,2026-10-01T14:00Z,8.43,8.08,0.35
9446484,2026-10-01T15:00Z,10.27,10.01,0.26
9446484,2026-10-01T16:00Z,11.25,11.02,0.23
9446484,2026-10-01T17:00Z,11.52,11.14,0.38
9446484,2026-10-01T18:00Z,11.11,10.59,0.52
9446484,2026-10-01T19:00Z,10.33,9.64,0.70
9446484,2026-10-01T20:00Z,9.20,8.56,0.64
9446484,2026-10-01T21:00Z,8.18,7.71,0.46
9446484,2026-10-01T22:00Z,7.77,7.40,0.37
9446484,2026-10-01T23:00Z,8.08,7.76,0.33
9446484,2026-10-02T00:00Z,8.92,8.64,0.27
9446484,2026-10-02T01:00Z,9.95,9.73,0.22
9446484,2026-10-02T02:00Z,10.96,10.65,0.30
9446484,2026-10-02T03:00Z,11.46,11.07,0.39
9446484,2026-10-02T04:00Z,11.18,10.68,0.49
9446484,2026-10-02T05:00Z,9.84,9.38,0.46
9446484,2026-10-02T06:00Z,7.78,7.27,0.51
9446484,2026-10-02T07:00Z,4.96,4.66,0.30
9446484,2026-10-02T08:00Z,2.15,1.97,0.18
9446484,2026-10-02T09:00Z,0.14,-0.22,0.36
9446484,2026-10-02T10:00Z,-0.85,-1.37,0.53
9446484,2026-10-02T11:00Z,-0.55,-1.16,0.60
9446484,2026-10-02T12:00Z,0.82,0.36,0.46
9446484,2026-10-02T13:00Z,3.15,2.74,0.41
9446484,2026-10-02T14:00Z,5.87,5.40,0.47
9446484,2026-10-02T15:00Z,8.31,7.83,0.48
9446484,2026-10-02T16:00Z,10.11,9.64,0.47
9446484,2026-10-02T17:00Z,11.09,10.65,0.44
9446484,2026-10-02T18:00Z,11.43,10.92,0.51
9446484,2026-10-02T19:00Z,11.18,10.63,0.55
9446484,2026-10-02T20:00Z,10.55,9.95,0.60
9446484,2026-10-02T21:00Z,9.66,9.12,0.54
9446484,2026-10-02T22:00Z,8.75,8.41,0.34
9446484,2026-10-02T23:00Z,8.31,8.06,0.25
9446484,2026-10-03T00:00Z,8.42,8.21,0.20
9446484,2026-10-03T01:00Z,8.93,8.77,0.16
9446484,2026-10-03T02:00Z,9.62,9.50,0.12
9446484,2026-10-03T03:00Z,10.23,10.13,0.09
9446484,2026-10-03T04:00Z,10.55,10.38,0.17
9446484,2026-10-03T05:00Z,10.16,9.97,0.19
9446484,2026-10-03T06:00Z,8.94,8.77,0.17
9446484,2026-10-03T07:00Z,7.00,6.88,0.12
9446484,2026-10-03T08:00Z,4.56,4.55,0.02
9446484,2026-10-03T09:00Z,2.13,2.13,0.00
9446484,2026-10-03T10:00Z,0.34,0.16,0.18
9446484,2026-10-03T11:00Z,-0.60,-0.89,0.28
9446484,2026-10-03T12:00Z,-0.37,-0.71,0.34
9446484,2026-10-03T13:00Z,0.95,0.63,0.33
9446484,2026-10-03T14:00Z,3.05,2.74,0.31
9446484,2026-10-03T15:00Z,5.60,5.14,0.46
9446484,2026-10-03T16:00Z,7.97,7.41,0.56
9446484,2026-10-03T17:00Z,9.80,9.19,0.61
9446484,2026-10-03T18:00Z,10.97,10.31,0.66
9446484,2026-10-03T19:00Z,11.47,10.80,0.66
9446484,2026-10-03T20:00Z,11.40,10.77,0.63
9446484,2026-10-03T21:00Z,10.85,10.32,0.53
9446484,2026-10-03T22:00Z,10.04,9.59,0.45
9446484,2026-10-03T23:00Z,9.14,8.82,0.32
9446484,2026-10-04T00:00Z,8.52,8.27,0.25
9446484,2026-10-04T01:00Z,8.32,8.11,0.21
9446484,2026-10-04T02:00Z,8.52,8.33,0.19
9446484,2026-10-04T03:00Z,9.03,8.80,0.22
9446484,2026-10-04T04:00Z,9.50,9.33,0.17
9446484,2026-10-04T05:00Z,9.82,9.63,0.19
9446484,2026-10-04T06:00Z,9.66,9.41,0.25
9446484,2026-10-04T07:00Z,8.77,8.50,0.27
9446484,2026-10-04T08:00Z,7.17,6.95,0.22
9446484,2026-10-04T09:00Z,5.11,4.92,0.18
9446484,2026-10-04T10:00Z,2.90,2.74,0.16
9446484,2026-10-04T11:00Z,1.03,0.85,0.18
9446484,2026-10-04T12:00Z,0.01,-0.24,0.25
9446484,2026-10-04T13:00Z,-0.02,-0.26,0.25
9446484,2026-10-04T14:00Z,0.96,0.79,0.17
9446484,2026-10-04T15:00Z,2.75,2.61,0.14
9446484,2026-10-04T16:00Z,5.18,4.82,0.36
9446484,2026-10-04T17:00Z,7.65,7.02,0.63
9446484,2026-10-04T18:00Z,9.61,8.88,0.73
9446484,2026-10-04T19:00Z,10.98,10.18,0.80
9446484,2026-10-04T20:00Z,11.64,10.89,0.75
9446484,2026-10-04T21:00Z,11.60,11.04,0.57
9446484,2026-10-04T22:00Z,11.07,10.64,0.43
9446484,2026-10-04T23:00Z,10.14,9.82,0.32
9446484,2026-10-05T00:00Z,9.02,8.81,0.21
9446484,2026-10-05T01:00Z,8.06,7.93,0.13
9446484,2026-10-05T02:00Z,7.57,7.43,0.13
9446484,2026-10-05T03:00Z,7.60,7.41,0.19
9446484,2026-10-05T04:00Z,8.04,7.79,0.25
9446484,2026-10-05T05:00Z,8.65,8.42,0.22
9446484,2026-10-05T06:00Z,9.20,8.98,0.21
9446484,2026-10-05T07:00Z,9.39,9.11,0.28
9446484,2026-10-05T08:00Z,9.01,8.60,0.41
9446484,2026-10-05T09:00Z,7.82,7.40,0.42
9446484,2026-10-05T10:00Z,6.04,5.62,0.42
9446484,2026-10-05T11:00Z,3.93,3.55,0.38
9446484,2026-10-05T12:00Z,1.93,1.64,0.29
9446484,2026-10-05T13:00Z,0.56,0.38,0.19
9446484,2026-10-05T14:00Z,0.15,0.11,0.04
9446484,2026-10-05T15:00Z,0.88,0.89,-0.01
9446484,2026-10-05T16:00Z,2.46,2.51,-0.05
9446484,2026-10-05T17:00Z,4.87,4.64,0.23
9446484,2026-10-05T18:00Z,7.45,6.90,0.55
9446484,2026-10-05T19:00Z,9.63,8.89,0.74
9446484,2026-10-05T20:00Z,11.14,10.36,0.78
9446484,2026-10-05T21:00Z,11.89,11.19,0.70
9446484,2026-10-05T22:00Z,11.75,11.33,0.41
9446484,2026-10-05T23:00Z,11.10,10.78,0.32
9446484,2026-10-06T00:00Z,9.96,9.65,0.30
9446484,2026-10-06T01:00Z,8.49,8.27,0.22
9446484,2026-10-06T02:00Z,7.26,7.03,0.23
9446484,2026-10-06T03:00Z,6.48,6.27,0.21
9446484,2026-10-06T04:00Z,6.46,6.17,0.29
9446484,2026-10-06T05:00Z,7.16,6.68,0.48
9446484,2026-10-06T06:00Z,7.93,7.62,0.31
9446484,2026-10-06T07:00Z,8.84,8.58,0.26
9446484,2026-10-06T08:00Z,9.58,9.12,0.45
9446484,2026-10-06T09:00Z,9.56,8.98,0.59
9446484,2026-10-06T10:00Z,8.66,8.05,0.60
9446484,2026-10-06T11:00Z,7.05,6.42,0.63
9446484,2026-10-06T12:00Z,4.92,4.36,0.55
9446484,2026-10-06T13:00Z,2.77,2.35,0.42
9446484,2026-10-06T14:00Z,1.09,0.91,0.19
9446484,2026-10-06T15:00Z,0.43,0.45,-0.02
9446484,2026-10-06T16:00Z,1.08,1.08,0.00
9446484,2026-10-06T17:00Z,2.58,2.64,-0.07
9446484,2026-10-06T18:00Z,5.01,4.83,0.18
9446484,2026-10-06T19:00Z,7.78,7.21,0.57
9446484,2026-10-06T20:00Z,10.07,9.32,0.75
9446484,2026-10-06T21:00Z,11.61,10.83,0.79
9446484,2026-10-06T22:00Z,12.21,11.58,0.62
9446484,2026-10-06T23:00Z,11.84,11.49,0.34
9446484,2026-10-07T00:00Z,10.88,10.56,0.32
9446484,2026-10-07T01:00Z,9.26,8.99,0.27
9446484,2026-10-07T02:00Z,7.44,7.18,0.26
9446484,2026-10-07T03:00Z,5.92,5.66,0.27
9446484,2026-10-07T04:00Z,5.18,4.81,0.37
9446484,2026-10-07T05:00Z,5.40,4.85,0.56
9446484,2026-10-07T06:00Z,6.30,5.70,0.59
9446484,2026-10-07T07:00Z,,7.08,
9446484,2026-10-07T08:00Z,,8.48,
9446484,2026-10-07T09:00Z,,9.40,
9446484,2026-10-07T10:00Z,,9.52,
9446484,2026-10-07T11:00Z,,8.74,
9446484,2026-10-07T12:00Z,,7.14,
9446484,2026-10-07T13:00Z,,5.03,
9446484,2026-10-07T14:00Z,,2.91,
9446484,2026-10-07T15:00Z,,1.38,
9446484,2026-10-07T16:00Z,,0.86,
9446484,2026-10-07T17:00Z,,1.51,
9446484,2026-10-07T18:00Z,,3.18,
9446484,2026-10-07T19:00Z,,5.51,
9446484,2026-10-07T20:00Z,,7.98,
9446484,2026-10-07T21:00Z,,10.08,
9446484,2026-10-07T22:00Z,,11.42,
9446484,2026-10-07T23:00Z,,11.86,
9446484,2026-10-08T00:00Z,,11.30,
9446484,2026-10-08T01:00Z,,9.84,
9446484,2026-10-08T02:00Z,,7.77,
9446484,2026-10-08T03:00Z,,5.63,
9446484,2026-10-08T04:00Z,,4.00,
9446484,2026-10-08T05:00Z,,3.30,
9446484,2026-10-08T06:00Z,,3.71,
9446484,2026-10-08T07:00Z,,5.05,
9446484,2026-10-08T08:00Z,,6.91,
9446484,2026-10-08T09:00Z,,8.69,
9446484,2026-10-08T10:00Z,,9.84,
9446484,2026-10-08T11:00Z,,10.08,
9446484,2026-10-08T12:00Z,,9.32,
9446484,2026-10-08T13:00Z,,7.68,
9446484,2026-10-08T14:00Z,,5.52,
9446484,2026-10-08T15:00Z,,3.38,
9446484,2026-10-08T16:00Z,,1.89,
9446484,2026-10-08T17:00Z,,1.50,
9446484,2026-10-08T18:00Z,,2.33,
9446484,2026-10-08T19:00Z,,4.18,
9446484,2026-10-08T20:00Z,,6.63,
9446484,2026-10-08T21:00Z,,9.07,
9446484,2026-10-08T22:00Z,,10.94,
9446484,2026-10-08T23:00Z,,11.88,
9446484,2026-10-09T00:00Z,,11.78,
9446484,2026-10-09T01:00Z,,10.62,
9446484,2026-10-09T02:00Z,,8.58,
9446484,2026-10-09T03:00Z,,6.10,
9446484,2026-10-09T04:00Z,,3.80,
9446484,2026-10-09T05:00Z,,2.31,
9446484,2026-10-09T06:00Z,,2.02,
9446484,2026-10-09T07:00Z,,2.96,
9446484,2026-10-09T08:00Z,,4.85,
9446484,2026-10-09T09:00Z,,7.13,
9446484,2026-10-09T10:00Z,,9.14,
9446484,2026-10-09T11:00Z,,10.36,
9446484,2026-10-09T12:00Z,,10.56,
9446484,2026-10-09T13:00Z,,9.73,
9446484,2026-10-09T14:00Z,,8.04,
9446484,2026-10-09T15:00Z,,5.88,
9446484,2026-10-09T16:00Z,,3.85,
9446484,2026-10-09T17:00Z,,2.57,
9446484,2026-10-09T18:00Z,,2.45,
9446484,2026-10-09T19:00Z,,3.53,
9446484,2026-10-09T20:00Z,,5.55,
9446484,2026-10-09T21:00Z,,7.99,
9446484,2026-10-09T22:00Z,,10.19,
9446484,2026-10-09T23:00Z,,11.61,
9446484,2026-10-10T00:00Z,,11.96,
9446484,2026-10-10T01:00Z,,11.20,
9446484,2026-10-10T02:00Z,,9.40,
9446484,2026-10-10T03:00Z,,6.88,
9446484,2026-10-10T04:00Z,,4.18,
9446484,2026-10-10T05:00Z,,1.98,
9446484,2026-10-10T06:00Z,,0.89,
