key,value
version,PUGET-TIDES V1.0
run_utc,2026-10-06 06:29
pacific_date,2026-10-05
return_code,0
stations,8
stations_current,8
stations_with_normals,7
verify_events,260 of 260
verify_extra_events,0
verify_max_minutes,0.8
verify_max_ft,0.010
seattle_latest_utc,2026-10-06T06:24Z
seattle_level_ft,8.21
seattle_tide_ft,7.76
seattle_surge_ft,0.45
seattle_surge24_ft,0.31
seattle_surge24_vs_normal,ABOVE
seattle_next_high_utc,2026-10-06T08:14Z
seattle_next_high_ft,8.69
seattle_next_low_utc,2026-10-06T14:51Z
seattle_next_low_ft,0.51
seattle_king_tide_utc,2027-01-25T15:15Z
seattle_king_tide_ft,13.09
seattle_next_daylight_minus_utc,2027-03-12T21:31Z
seattle_next_daylight_minus_ft,-0.11
seattle_lowest_daylight_utc,2027-07-04T18:36Z
seattle_lowest_daylight_ft,-3.92
seattle_daylight_minus_tides,99
seattle_trend_mm_per_yr,2.11
seattle_trend_ci95,0.13
seattle_trend_since,1899
messages,2
